time,node0,node1,node2,node3
1,0.036025,0.038594,0.049504,0.041848
5,0.034383,0.03595,0.044457,0.035621
9,0.034417,0.036135,0.044359,0.035569
13,0.034585,0.036175,0.044211,0.035795
17,0.035165,0.036275,0.044798,0.034861
21,0.035412,0.036515,0.044948,0.035028
25,0.03501,0.03618,0.044757,0.034663
29,0.035113,0.035801,0.044845,0.035104
33,0.035033,0.036173,0.044107,0.034916
37,0.035562,0.035726,0.03376,0.03493
41,0.035212,0.035867,0.033663,0.035319
45,0.035374,0.035767,0.033795,0.035231
49,0.034974,0.035761,0.033705,0.034994
53,0.034917,0.035719,0.033768,0.035052
57,0.034742,0.035942,0.034616,0.035234
61,0.034855,0.03562,0.033964,0.036003
65,0.034549,0.035553,0.034022,0.0353
69,0.03482,0.035812,0.034017,0.035454
73,0.034507,0.03588,0.033944,0.035273
77,0.034326,0.035853,0.033876,0.03546
81,0.035144,0.03593,0.034097,0.034528
85,0.035033,0.036105,0.034255,0.034633
89,0.035093,0.036157,0.034028,0.034757
93,0.035311,0.036851,0.034917,0.035719
97,0.035236,0.036093,0.034109,0.035045
101,0.035398,0.035674,0.034183,0.034886
105,0.034821,0.036408,0.034099,0.03517
109,0.035324,0.036344,0.034223,0.035168
113,0.034971,0.036387,0.034172,0.03522
117,0.035006,0.035792,0.034547,0.035535
121,0.035039,0.035922,0.034322,0.035568
125,0.034822,0.03574,0.034356,0.035702
129,0.034608,0.036609,0.034448,0.035147
133,0.035145,0.036468,0.034641,0.035569
137,0.034509,0.036679,0.034503,0.035561
141,0.035432,0.037725,0.036175,0.035555
145,0.035949,0.036218,0.034894,0.035702
149,0.035346,0.036671,0.03635,0.035956
153,0.035304,0.036532,0.034713,0.035886
157,0.035575,0.036891,0.034973,0.035989
161,0.035433,0.037203,0.035317,0.036026
165,0.035626,0.037308,0.034883,0.036286
169,0.036077,0.036947,0.03481,0.036715
173,0.03633,0.036905,0.035019,0.03654
177,0.036316,0.036872,0.035026,0.036856
181,0.036063,0.036593,0.035161,0.036746
185,0.03659,0.03764,0.035053,0.035775
189,0.03636,0.037916,0.035204,0.035728
193,0.036307,0.037986,0.035204,0.036038
197,0.036315,0.037926,0.035359,0.036189
201,0.036271,0.037974,0.0354,0.0359
205,0.036855,0.038221,0.036271,0.036587
209,0.036472,0.037415,0.03584,0.036442
213,0.036404,0.037354,0.035297,0.037005
217,0.035836,0.037459,0.035239,0.036762
221,0.035701,0.037123,0.035413,0.036779
225,0.036284,0.037192,0.035368,0.036603
229,0.036445,0.037614,0.035492,0.036061
233,0.035992,0.037465,0.035036,0.036663
237,0.035898,0.037768,0.034963,0.036538
241,0.036139,0.037823,0.036098,0.03696
245,0.037319,0.037757,0.035168,0.036759
249,0.037249,0.038069,0.035292,0.037487
253,0.036667,0.038081,0.035683,0.037499
257,0.036767,0.037404,0.035854,0.037068
261,0.037247,0.037495,0.035757,0.036803
265,0.037015,0.037528,0.035783,0.037454
269,0.037661,0.037741,0.036729,0.036547
273,0.037833,0.037209,0.036488,0.03697
277,0.03727,0.03729,0.036201,0.037137
281,0.037507,0.037004,0.03658,0.037326
285,0.039374,0.039891,0.039326,0.039431
289,0.03787,0.037611,0.036506,0.036251
293,0.038274,0.037209,0.03689,0.036916
297,0.037338,0.037104,0.036435,0.037305
301,0.037113,0.037614,0.03655,0.037161
305,0.036862,0.037364,0.035781,0.037381
309,0.036555,0.037612,0.036214,0.037679
313,0.037428,0.037988,0.03603,0.037552
317,0.036903,0.037884,0.03626,0.039183
321,0.036438,0.036771,0.03709,0.03718
325,0.036873,0.03634,0.037516,0.036944
329,0.036309,0.035573,0.037665,0.036325
333,0.036214,0.035648,0.037114,0.036438
337,0.036027,0.036356,0.036866,0.035894
341,0.036073,0.03667,0.036548,0.036464
345,0.036182,0.036954,0.037194,0.036223
349,0.03658,0.036922,0.037079,0.036355
353,0.037074,0.037279,0.037623,0.036613
357,0.037351,0.038235,0.037841,0.037116
361,0.037861,0.03801,0.037803,0.03805
365,0.037943,0.037442,0.037864,0.038386
369,0.038451,0.039289,0.038157,0.038042
373,0.039275,0.038898,0.038725,0.038311
377,0.038561,0.039194,0.037638,0.038637
381,0.038252,0.040238,0.039321,0.03817
385,0.038865,0.039239,0.039026,0.038195
389,0.039417,0.039035,0.037801,0.0395
393,0.03889,0.039724,0.039348,0.040357
397,0.040404,0.039939,0.039348,0.038347
401,0.040066,0.040258,0.038633,0.03938
405,0.039193,0.040285,0.039693,0.038902
409,0.04001,0.040106,0.038604,0.039608
413,0.040699,0.039845,0.039161,0.040523
417,0.03907,0.039442,0.040199,0.040003
421,0.039742,0.039508,0.037878,0.039227
425,0.040164,0.039256,0.039313,0.0386
429,0.039802,0.039451,0.039536,0.039175
433,0.040353,0.040227,0.039479,0.03927
437,0.043505,0.043177,0.043395,0.042289
441,0.040715,0.040255,0.040517,0.039334
445,0.040657,0.041773,0.040463,0.040609
449,0.040402,0.040578,0.038296,0.040467
453,0.039476,0.040277,0.037178,0.039606
457,0.039542,0.040202,0.038493,0.039728
461,0.040298,0.041046,0.039065,0.039446
465,0.039769,0.040848,0.03856,0.040229
469,0.041093,0.041621,0.038344,0.040478
473,0.040451,0.041537,0.039394,0.040884
477,0.04119,0.042293,0.039168,0.043255
481,0.041191,0.041702,0.040145,0.042632
485,0.042039,0.042452,0.041515,0.042461
489,0.042378,0.042749,0.041642,0.042542
493,0.042243,0.043094,0.041995,0.042401
497,0.043927,0.043107,0.041571,0.042655
501,0.043153,0.043694,0.041224,0.043916
505,0.042891,0.043718,0.042117,0.045019
509,0.04311,0.044434,0.042673,0.04361
513,0.043427,0.045739,0.043472,0.045153
517,0.044061,0.046271,0.043758,0.043994
521,0.044348,0.044878,0.044828,0.045791
525,0.044663,0.045033,0.045652,0.046197
529,0.045707,0.046836,0.045653,0.046354
533,0.045632,0.04663,0.046032,0.046986
537,0.046586,0.046935,0.046903,0.046366
541,0.045688,0.047396,0.046494,0.047626
545,0.046562,0.046163,0.04627,0.046817
549,0.045449,0.047339,0.046816,0.047526
553,0.044533,0.046596,0.04629,0.043576
557,0.044112,0.045705,0.044348,0.044878
561,0.043928,0.044349,0.044807,0.044214
565,0.043578,0.045557,0.043607,0.044926
569,0.0423,0.045754,0.044343,0.045833
573,0.046264,0.048828,0.048467,0.049216
577,0.044762,0.047398,0.047533,0.047668
581,0.045748,0.04817,0.048199,0.048086
585,0.044594,0.049204,0.047191,0.049202
589,0.04413,0.04883,0.047458,0.046511
593,0.04541,0.048191,0.046828,0.047806
597,0.046577,0.048144,0.047763,0.048116
601,0.046117,0.04891,0.047932,0.048012
605,0.043705,0.048237,0.050188,0.04724
609,0.045275,0.047729,0.045682,0.047135
613,0.045789,0.047774,0.045158,0.048373
617,0.044846,0.047969,0.050106,0.049139
621,0.046898,0.046574,0.04839,0.047889
625,0.04584,0.047197,0.047517,0.047375
629,0.046414,0.046394,0.047501,0.046743
633,0.045857,0.046464,0.048249,0.046393
637,0.045608,0.047134,0.047208,0.047142
641,0.045188,0.047269,0.046966,0.04767
645,0.045107,0.046933,0.046157,0.046536
649,0.044223,0.046644,0.047314,0.046555
653,0.042185,0.048412,0.046943,0.047495
657,0.041955,0.049017,0.048644,0.04363
661,0.042946,0.048872,0.050024,0.04332
665,0.041307,0.046208,0.050286,0.046399
669,0.041516,0.048636,0.051505,0.048462
673,0.041876,0.046437,0.048602,0.046362
677,0.042381,0.048083,0.049463,0.043981
681,0.042556,0.047357,0.048404,0.044168
685,0.044438,0.045015,0.046565,0.04517
689,0.043562,0.044993,0.046507,0.044784
693,0.043572,0.045521,0.046701,0.045591
697,0.042815,0.044782,0.047433,0.043147
701,0.043227,0.045654,0.048689,0.043641
705,0.043301,0.0476,0.049557,0.047297
709,0.045166,0.04894,0.050809,0.047592
713,0.044287,0.0485,0.050558,0.048719
717,0.043833,0.049762,0.051449,0.049707
721,0.043555,0.04955,0.051698,0.049569
725,0.0442,0.050128,0.052719,0.048146
729,0.04317,0.05026,0.052091,0.048836
733,0.042792,0.050575,0.052347,0.049294
737,0.043416,0.049219,0.052736,0.049609
741,0.043721,0.049813,0.052762,0.049156
745,0.043773,0.050639,0.053194,0.049415
749,0.044401,0.049644,0.052008,0.049945
753,0.043683,0.049409,0.052612,0.051883
757,0.046081,0.050631,0.05179,0.049388
761,0.043485,0.048941,0.050624,0.048517
765,0.044518,0.048249,0.048951,0.04741
769,0.044449,0.049267,0.048783,0.047544
773,0.044545,0.048782,0.047752,0.047353
777,0.044658,0.049087,0.048648,0.047446
781,0.043861,0.049206,0.049267,0.048299
785,0.044934,0.04891,0.048918,0.047182
789,0.045517,0.049296,0.048501,0.048079
793,0.045648,0.049229,0.049113,0.047501
797,0.045273,0.049673,0.049224,0.047257
801,0.045799,0.049225,0.04903,0.048808
805,0.045817,0.049195,0.049447,0.048069
809,0.042752,0.050913,0.048819,0.048923
813,0.04328,0.05153,0.0496,0.049253
817,0.043106,0.051278,0.048641,0.048529
821,0.043508,0.052164,0.047862,0.047773
825,0.043132,0.051173,0.050453,0.047455
829,0.043156,0.05061,0.048571,0.04773
833,0.04302,0.050134,0.047748,0.047436
837,0.042543,0.050726,0.047504,0.047321
841,0.043539,0.053076,0.049738,0.049024
845,0.042989,0.051156,0.048462,0.048067
849,0.04328,0.051187,0.048056,0.046873
853,0.043263,0.050985,0.047617,0.047562
857,0.043193,0.051192,0.047955,0.046419
861,0.043276,0.050778,0.049117,0.046986
865,0.043066,0.050288,0.048452,0.045981
869,0.043146,0.050034,0.048806,0.04621
873,0.043006,0.050107,0.048755,0.047018
877,0.045354,0.052583,0.05011,0.047284
881,0.045808,0.054706,0.052258,0.049691
885,0.045457,0.051147,0.04715,0.054782
889,0.045409,0.05428,0.051549,0.048964
893,0.044663,0.053641,0.050828,0.049964
897,0.044226,0.053931,0.049945,0.050552
901,0.044222,0.053192,0.049837,0.049348
905,0.04374,0.052723,0.049816,0.050516
909,0.044229,0.051288,0.049598,0.051323
913,0.04372,0.052478,0.04896,0.048448
917,0.043347,0.053394,0.046546,0.047937
921,0.043826,0.054601,0.046492,0.04878
925,0.043876,0.055475,0.046691,0.048469
929,0.04381,0.055742,0.047346,0.047714
933,0.044064,0.054798,0.047401,0.050075
937,0.043649,0.053553,0.046487,0.049413
941,0.043459,0.054273,0.045508,0.048689
945,0.042948,0.054122,0.045912,0.0491
949,0.042369,0.053941,0.045796,0.048452
953,0.044295,0.048169,0.047443,0.050272
957,0.044529,0.048701,0.051236,0.04746
961,0.043697,0.048434,0.051192,0.047438
965,0.044459,0.048475,0.050918,0.047311
969,0.044354,0.049479,0.050289,0.046816
973,0.044533,0.049374,0.050166,0.048287
977,0.044632,0.050153,0.052169,0.050392
981,0.044,0.049718,0.050694,0.047924
985,0.044305,0.049359,0.051467,0.047858
989,0.044216,0.050747,0.051722,0.048305
993,0.04437,0.050987,0.051508,0.047068
997,0.044565,0.051655,0.051899,0.04745
1001,0.044083,0.051052,0.05147,0.048378
1005,0.043816,0.05134,0.050729,0.047885
1009,0.044544,0.051451,0.051313,0.048114
1013,0.044519,0.050753,0.052309,0.04934
1017,0.044211,0.052313,0.051512,0.050105
1021,0.044085,0.050766,0.052459,0.04909
1025,0.044632,0.05107,0.052122,0.048838
1029,0.044165,0.051569,0.051693,0.048992
1033,0.044899,0.050297,0.052371,0.04956
1037,0.044087,0.050091,0.052277,0.049483
1041,0.044672,0.050622,0.051879,0.050312
1045,0.045322,0.051045,0.052891,0.050282
1049,0.045125,0.051517,0.052361,0.049709
1053,0.045491,0.051832,0.053608,0.050376
1057,0.045051,0.052428,0.053863,0.051537
1061,0.045225,0.051315,0.053829,0.050434
1065,0.045897,0.051016,0.054151,0.051024
1069,0.045177,0.056904,0.048112,0.051808
1073,0.045388,0.053181,0.056077,0.052719
1077,0.045025,0.057016,0.048999,0.05114
1081,0.045164,0.056871,0.050098,0.050573
1085,0.044998,0.057809,0.049409,0.050453
1089,0.045032,0.052759,0.054067,0.051741
1093,0.045037,0.058992,0.049571,0.052007
1097,0.044384,0.058275,0.051836,0.050905
1101,0.044106,0.058186,0.051427,0.049667
1105,0.04398,0.059061,0.052184,0.049324
1109,0.047221,0.060715,0.053864,0.052373
1113,0.045482,0.061004,0.053328,0.051193
1117,0.0443,0.058986,0.051734,0.0493
1121,0.045284,0.060053,0.051451,0.049457
1125,0.043818,0.059175,0.051585,0.049218
1129,0.044757,0.05926,0.051086,0.049356
1133,0.044149,0.0582,0.05202,0.049759
1137,0.044278,0.05854,0.052566,0.049795
1141,0.043793,0.057482,0.053362,0.048781
1145,0.04406,0.056891,0.053024,0.048352
1149,0.044246,0.057488,0.054062,0.049116
1153,0.047357,0.054662,0.053902,0.049503
1157,0.046839,0.054,0.053225,0.049512
1161,0.046929,0.054173,0.053913,0.049658
1165,0.047223,0.053522,0.053597,0.048845
1169,0.044171,0.056452,0.05327,0.048729
1173,0.044557,0.057808,0.052527,0.049926
1177,0.044357,0.057778,0.052183,0.04969
1181,0.044205,0.058334,0.051689,0.049067
1185,0.043839,0.057408,0.051689,0.048984
1189,0.042944,0.058683,0.052258,0.049104
1193,0.042776,0.057808,0.050646,0.04912
1197,0.042651,0.058791,0.051765,0.048442
1201,0.042632,0.057666,0.05181,0.049073
1205,0.04262,0.058246,0.051301,0.049092
1209,0.043685,0.057661,0.052131,0.049216
1213,0.04355,0.057233,0.0521,0.048286
1217,0.043695,0.057438,0.051858,0.048514
1221,0.043229,0.059246,0.05142,0.050364
1225,0.043212,0.058334,0.051512,0.051023
1229,0.043339,0.059206,0.056614,0.049809
1233,0.043884,0.05927,0.055884,0.050643
1237,0.043965,0.058808,0.053674,0.049576
1241,0.044812,0.060402,0.054551,0.050413
1245,0.043623,0.057984,0.053617,0.051099
1249,0.043911,0.058712,0.054331,0.050406
1253,0.044128,0.05982,0.053534,0.050391
1257,0.044265,0.059196,0.052887,0.050939
1261,0.047558,0.055151,0.054651,0.050956
1265,0.045921,0.056082,0.055337,0.050183
1269,0.04713,0.056248,0.055101,0.0511
1273,0.044594,0.059671,0.056436,0.049793
1277,0.04384,0.058991,0.055779,0.049441
1281,0.04368,0.05958,0.055735,0.05032
1285,0.043681,0.058761,0.056059,0.04941
1289,0.043911,0.064681,0.051002,0.049622
1293,0.045914,0.062481,0.050734,0.049483
1297,0.045423,0.062016,0.051489,0.049571
1301,0.045828,0.062148,0.050336,0.049759
1305,0.046103,0.055988,0.056551,0.050612
1309,0.045619,0.054806,0.055403,0.050004
1313,0.046797,0.061662,0.050544,0.050888
1317,0.04506,0.056264,0.055298,0.05054
1321,0.046702,0.054125,0.054123,0.050451
1325,0.047802,0.054829,0.053894,0.048808
1329,0.047386,0.05404,0.052886,0.049391
1333,0.047958,0.053917,0.05203,0.049311
1337,0.048076,0.054175,0.052061,0.050407
1341,0.041956,0.058959,0.044449,0.06001
1345,0.041551,0.057884,0.044983,0.059681
1349,0.042081,0.058002,0.044719,0.058869
1353,0.042023,0.056671,0.045126,0.059609
1357,0.042279,0.057018,0.045029,0.059894
1361,0.048064,0.057688,0.048581,0.051118
1365,0.047201,0.057805,0.048042,0.050701
1369,0.04753,0.058802,0.04836,0.050097
1373,0.046779,0.057118,0.048024,0.04996
1377,0.047558,0.05687,0.048042,0.050052
1381,0.0471,0.057329,0.047966,0.0501
1385,0.047461,0.05663,0.046835,0.049985
1389,0.048053,0.057042,0.04791,0.051531
1393,0.047474,0.057946,0.047405,0.050024
1397,0.048171,0.058536,0.047482,0.050068
1401,0.048585,0.057922,0.047087,0.050451
1405,0.048219,0.05822,0.052849,0.044076
1409,0.041955,0.058015,0.054478,0.049672
1413,0.041885,0.058905,0.053772,0.049408
1417,0.040178,0.059364,0.05475,0.04949
1421,0.044835,0.059005,0.050335,0.050435
1425,0.043899,0.059295,0.049848,0.049913
1429,0.040142,0.05976,0.054009,0.048585
1433,0.040641,0.059685,0.05256,0.049488
1437,0.041492,0.061097,0.053274,0.049102
1441,0.041304,0.060002,0.052948,0.049376
1445,0.042325,0.060564,0.05277,0.049593
1449,0.042925,0.060181,0.053243,0.050761
1453,0.048997,0.060809,0.051357,0.044746
1457,0.04856,0.060218,0.047641,0.050082
1461,0.047905,0.059949,0.047348,0.0492
1465,0.048293,0.060359,0.04819,0.049779
1469,0.0482,0.060502,0.048562,0.050656
1473,0.046656,0.059824,0.04639,0.049619
1477,0.046279,0.059801,0.048268,0.049548
1481,0.046599,0.060129,0.04877,0.048872
1485,0.046608,0.06066,0.047977,0.048855
1489,0.046512,0.060328,0.047784,0.048377
1493,0.045769,0.059305,0.048148,0.048147
1497,0.045909,0.059012,0.047798,0.047967
1501,0.047423,0.059503,0.048004,0.047861
1505,0.046249,0.059574,0.048641,0.049029
1509,0.046508,0.060064,0.048488,0.048315
1513,0.046436,0.060254,0.047772,0.048247
1517,0.046074,0.060828,0.048355,0.048823
1521,0.046221,0.061505,0.049012,0.048673
1525,0.046681,0.061229,0.047686,0.04866
1529,0.048734,0.061701,0.049029,0.049136
1533,0.047192,0.063037,0.048961,0.048934
1537,0.047458,0.063049,0.048941,0.048618
1541,0.0474,0.063007,0.049657,0.048612
1545,0.046892,0.062615,0.049042,0.047923
1549,0.04663,0.062669,0.048599,0.048221
1553,0.046163,0.062549,0.049633,0.048387
1557,0.046351,0.062934,0.049889,0.048241
1561,0.046318,0.061679,0.049846,0.049454
1565,0.046344,0.060904,0.050203,0.049005
1569,0.046421,0.060894,0.051187,0.049504
1573,0.046659,0.06094,0.049963,0.04907
1577,0.04667,0.060849,0.050593,0.049552
1581,0.046076,0.06018,0.050839,0.049484
1585,0.046874,0.06094,0.051954,0.049291
1589,0.045851,0.060158,0.051154,0.048666
1593,0.046143,0.059963,0.052081,0.051218
1597,0.045517,0.059916,0.051557,0.04941
1601,0.045147,0.059415,0.050446,0.049746
1605,0.04492,0.05897,0.050221,0.04917
1609,0.045503,0.058085,0.050481,0.048367
1613,0.045683,0.058422,0.050244,0.048904
1617,0.045376,0.058879,0.051892,0.048749
1621,0.045286,0.058817,0.0504,0.048015
1625,0.045533,0.058479,0.050762,0.04872
1629,0.045683,0.058136,0.050664,0.049008
1633,0.04572,0.058676,0.051343,0.049811
1637,0.045483,0.058942,0.050598,0.047886
1641,0.045474,0.058783,0.050686,0.048048
1645,0.045564,0.057764,0.0506,0.049228
1649,0.045812,0.05764,0.050266,0.048974
1653,0.04568,0.058943,0.050375,0.048317
1657,0.045658,0.058475,0.050068,0.048878
1661,0.045312,0.058661,0.050595,0.048564
1665,0.04498,0.058789,0.050983,0.048262
1669,0.04481,0.058797,0.051455,0.048431
1673,0.045394,0.058382,0.052026,0.04811
1677,0.04512,0.058906,0.051816,0.048115
1681,0.045597,0.058743,0.051569,0.049047
1685,0.04487,0.059549,0.051437,0.0496
1689,0.044891,0.058379,0.052259,0.04922
1693,0.044135,0.059904,0.05213,0.048586
1697,0.043863,0.058413,0.054268,0.049478
1701,0.04383,0.059541,0.053338,0.048934
1705,0.043723,0.060196,0.054326,0.049174
1709,0.043263,0.060999,0.053178,0.049467
1713,0.043237,0.05872,0.052609,0.048903
1717,0.04338,0.060309,0.052466,0.049464
1721,0.044084,0.059996,0.051002,0.049235
1725,0.043369,0.060467,0.05232,0.050276
1729,0.043647,0.061308,0.05238,0.048182
1733,0.043632,0.061051,0.051596,0.048326
1737,0.043792,0.060898,0.04987,0.049557
1741,0.044173,0.060395,0.04985,0.049099
1745,0.04359,0.059386,0.049448,0.049088
1749,0.044148,0.059763,0.050425,0.048753
1753,0.043517,0.059551,0.049471,0.048928
1757,0.043739,0.058663,0.04924,0.048957
1761,0.043732,0.057607,0.048168,0.048353
1765,0.04345,0.058358,0.049146,0.048277
1769,0.044415,0.060054,0.051221,0.050869
1773,0.044831,0.058974,0.049075,0.049284
1777,0.044353,0.058397,0.050105,0.04785
1781,0.044048,0.058701,0.048808,0.047658
1785,0.044085,0.058982,0.04866,0.048086
1789,0.045722,0.059666,0.04996,0.048524
1793,0.044064,0.058975,0.048776,0.048111
1797,0.040671,0.058123,0.04785,0.053293
1801,0.043383,0.058618,0.049251,0.048638
1805,0.042973,0.058742,0.048779,0.048829
1809,0.042896,0.058873,0.04981,0.048104
1813,0.042133,0.058285,0.050792,0.047866
1817,0.04177,0.058715,0.050882,0.047886
1821,0.041806,0.058448,0.051138,0.048401
1825,0.041477,0.058452,0.052093,0.048294
1829,0.041419,0.057817,0.047547,0.052595
1833,0.045675,0.06356,0.048336,0.042606
1837,0.045176,0.063897,0.047175,0.042841
1841,0.045361,0.064683,0.047059,0.044231
1845,0.045742,0.0659,0.047762,0.04389
1849,0.045888,0.066697,0.046664,0.043816
1853,0.046591,0.066816,0.046383,0.04376
1857,0.045986,0.066687,0.047114,0.044018
1861,0.045428,0.064899,0.045534,0.043508
1865,0.045454,0.064972,0.045258,0.043536
1869,0.045732,0.065114,0.045936,0.04362
1873,0.045682,0.065425,0.046009,0.043594
1877,0.046053,0.063958,0.046351,0.043196
1881,0.045408,0.063178,0.045518,0.043549
1885,0.04533,0.063761,0.046356,0.0434
1889,0.041638,0.057185,0.050403,0.048483
1893,0.042027,0.05797,0.04992,0.048282
1897,0.042968,0.057349,0.04961,0.047429
1901,0.041223,0.056802,0.051376,0.048665
1905,0.042157,0.057316,0.051117,0.04726
1909,0.042582,0.056652,0.051151,0.049191
1913,0.042589,0.05638,0.050896,0.049161
1917,0.042473,0.056232,0.050707,0.049199
1921,0.042991,0.055907,0.051015,0.048931
1925,0.043017,0.056212,0.049718,0.048638
1929,0.042897,0.056047,0.05078,0.048493
1933,0.04357,0.055643,0.050526,0.048715
1937,0.042743,0.055785,0.051091,0.047654
1941,0.043169,0.056242,0.052022,0.049692
1945,0.043107,0.056465,0.051242,0.048444
1949,0.043149,0.056098,0.051111,0.048833
1953,0.042993,0.056985,0.047734,0.052657
1957,0.042613,0.057034,0.047548,0.053065
1961,0.041915,0.061409,0.043013,0.053643
1965,0.042136,0.057051,0.048553,0.053197
1969,0.042398,0.057279,0.047852,0.05312
1973,0.043015,0.057147,0.047127,0.053305
1977,0.042753,0.056812,0.048416,0.052873
1981,0.041672,0.057982,0.048648,0.054284
1985,0.04309,0.057563,0.052321,0.049475
1989,0.041985,0.057262,0.048352,0.054153
1993,0.042156,0.058113,0.048472,0.053725
1997,0.042317,0.05795,0.052301,0.049629
2001,0.043075,0.05852,0.051614,0.048796
2005,0.042871,0.058642,0.051375,0.049329
2009,0.042871,0.059553,0.051542,0.048606
2013,0.042832,0.058861,0.051134,0.049251
2017,0.042999,0.059691,0.050879,0.049347
2021,0.04313,0.059797,0.053829,0.048779
2025,0.043973,0.059793,0.050851,0.048661
2029,0.043971,0.060263,0.050435,0.04902
2033,0.045622,0.061852,0.051642,0.047889
2037,0.043974,0.05963,0.051726,0.049263
2041,0.043583,0.058521,0.04963,0.048187
2045,0.043607,0.059772,0.049307,0.048491
2049,0.043778,0.058789,0.050207,0.048008
2053,0.044071,0.057983,0.050669,0.046755
2057,0.043954,0.058361,0.049875,0.047508
2061,0.043753,0.058038,0.050628,0.046982
2065,0.043642,0.058787,0.049138,0.04721
2069,0.043584,0.058324,0.050061,0.047043
2073,0.042807,0.058106,0.050027,0.04742
2077,0.043139,0.057997,0.04937,0.048487
2081,0.043191,0.057412,0.049754,0.047652
2085,0.043464,0.0571,0.050349,0.047568
2089,0.043368,0.057421,0.049134,0.04754
2093,0.043011,0.058079,0.048921,0.046911
2097,0.043567,0.058034,0.050295,0.046893
2101,0.043661,0.058228,0.052273,0.046778
2105,0.043581,0.058435,0.049054,0.046859
2109,0.044207,0.057992,0.049248,0.047311
2113,0.04369,0.058024,0.048997,0.047507
2117,0.043289,0.058407,0.048482,0.04745
2121,0.043492,0.057639,0.049196,0.047135
2125,0.043247,0.057995,0.048827,0.046883
2129,0.044032,0.063932,0.047307,0.043282
2133,0.043774,0.063785,0.047611,0.04295
2137,0.044075,0.064624,0.047619,0.043353
2141,0.044235,0.063933,0.047041,0.043611
2145,0.043649,0.063596,0.047103,0.043936
2149,0.044915,0.062962,0.047219,0.044069
2153,0.044188,0.063321,0.046565,0.044048
2157,0.043892,0.063887,0.046888,0.044239
2161,0.044265,0.064304,0.046765,0.04483
2165,0.043404,0.065014,0.04596,0.044882
2169,0.045699,0.06604,0.046996,0.045229
2173,0.044244,0.065515,0.046436,0.043614
2177,0.043872,0.064895,0.04708,0.043107
2181,0.044434,0.066841,0.045565,0.044255
2185,0.043329,0.065853,0.046095,0.044482
2189,0.043391,0.065809,0.046591,0.04276
2193,0.043673,0.065361,0.046995,0.043202
2197,0.044211,0.065803,0.045702,0.043827
2201,0.043766,0.0653,0.046221,0.044205
2205,0.042304,0.058568,0.041484,0.057381
2209,0.042809,0.057819,0.041548,0.057784
2213,0.042807,0.057752,0.041703,0.057814
2217,0.050335,0.057787,0.04764,0.043835
2221,0.049852,0.056936,0.048239,0.044284
2225,0.042449,0.057037,0.042011,0.057439
2229,0.042284,0.05545,0.042425,0.058171
2233,0.042471,0.057334,0.040619,0.058334
2237,0.042732,0.057068,0.041975,0.05833
2241,0.050467,0.057084,0.048334,0.044392
2245,0.050475,0.057854,0.047605,0.043945
2249,0.049758,0.057202,0.048585,0.043581
2253,0.050252,0.057304,0.047981,0.043868
2257,0.05059,0.057363,0.048105,0.044189
2261,0.050712,0.058032,0.050415,0.044469
2265,0.052108,0.057835,0.048493,0.044444
2269,0.051155,0.057671,0.048601,0.043735
2273,0.051065,0.057786,0.048743,0.04386
2277,0.051573,0.057573,0.048669,0.043541
2281,0.051005,0.058043,0.048568,0.042521
2285,0.051646,0.058199,0.049611,0.042822
2289,0.051716,0.058523,0.042049,0.049775
2293,0.051309,0.057853,0.049758,0.042524
2297,0.051343,0.057317,0.049349,0.043422
2301,0.05192,0.059051,0.049784,0.043289
2305,0.052012,0.058345,0.04943,0.043463
2309,0.052019,0.058933,0.049963,0.044416
2313,0.050858,0.058357,0.048405,0.043742
2317,0.051864,0.05843,0.048065,0.043904
2321,0.051484,0.058543,0.04853,0.042952
2325,0.051057,0.058878,0.049159,0.042713
2329,0.051615,0.058451,0.048335,0.043829
2333,0.051314,0.059523,0.048371,0.043074
2337,0.050753,0.059361,0.048533,0.043637
2341,0.050783,0.058793,0.047407,0.043256
2345,0.050959,0.058621,0.047817,0.04355
2349,0.050195,0.058827,0.049024,0.04372
2353,0.050421,0.057945,0.048478,0.043306
2357,0.049994,0.05782,0.048046,0.043034
2361,0.049327,0.057788,0.048512,0.043204
2365,0.049667,0.058573,0.048006,0.043333
2369,0.049652,0.057913,0.04927,0.042578
2373,0.049161,0.057679,0.048542,0.042173
2377,0.049075,0.057103,0.048594,0.042491
2381,0.048987,0.057787,0.049198,0.042464
2385,0.048698,0.057058,0.048311,0.042321
2389,0.048722,0.058523,0.050165,0.043557
2393,0.048415,0.057255,0.04906,0.042302
2397,0.048668,0.057914,0.043779,0.046984
2401,0.048336,0.057715,0.043802,0.046795
2405,0.04899,0.057886,0.043908,0.047178
2409,0.04875,0.056874,0.05056,0.042418
2413,0.048735,0.05672,0.048015,0.042766
2417,0.048531,0.057807,0.047709,0.042986
2421,0.051082,0.059641,0.047602,0.042998
2425,0.048622,0.057054,0.04732,0.04383
2429,0.047276,0.057655,0.048256,0.043213
2433,0.047832,0.058176,0.047459,0.043923
2437,0.047309,0.057626,0.048093,0.044305
2441,0.047186,0.057869,0.048494,0.044113
2445,0.047017,0.057124,0.047961,0.043644
2449,0.048106,0.058402,0.047377,0.044044
2453,0.047671,0.05846,0.047798,0.042474
2457,0.047534,0.05762,0.047824,0.043379
2461,0.047068,0.057585,0.047502,0.043997
2465,0.047729,0.058624,0.048624,0.042815
2469,0.047807,0.057593,0.047823,0.045129
2473,0.047898,0.057527,0.047437,0.044797
2477,0.048556,0.056569,0.047152,0.044111
2481,0.048405,0.057128,0.047231,0.043832
2485,0.049455,0.058098,0.050229,0.042991
2489,0.047598,0.057712,0.048113,0.043965
2493,0.047917,0.057357,0.04844,0.043545
2497,0.048622,0.057213,0.049535,0.043109
2501,0.048272,0.057051,0.049454,0.043509
2505,0.047837,0.056842,0.049359,0.044445
2509,0.047923,0.056598,0.049334,0.043662
2513,0.048189,0.056761,0.048386,0.043987
2517,0.047876,0.056962,0.048208,0.043605
2521,0.048188,0.055749,0.049109,0.043566
2525,0.048446,0.057167,0.048988,0.04196
2529,0.048154,0.056242,0.049036,0.042904
2533,0.047879,0.056529,0.048233,0.042994
2537,0.048178,0.05697,0.042277,0.048961
2541,0.048227,0.056781,0.041915,0.049571
2545,0.048313,0.056272,0.048703,0.042859
2549,0.048228,0.057166,0.048518,0.043168
2553,0.047971,0.058041,0.048455,0.041908
2557,0.048513,0.058008,0.047978,0.042134
2561,0.048964,0.059061,0.047677,0.042932
2565,0.048358,0.057717,0.048994,0.042985
2569,0.048293,0.058488,0.047598,0.043398
2573,0.048208,0.058315,0.047379,0.042846
2577,0.047988,0.057639,0.047762,0.042952
2581,0.048407,0.057315,0.04778,0.042991
2585,0.048587,0.05882,0.047627,0.04267
2589,0.048383,0.058096,0.048456,0.042998
2593,0.040313,0.05668,0.049149,0.053684
2597,0.048783,0.059428,0.047796,0.043555
2601,0.049235,0.058999,0.049387,0.043277
2605,0.049254,0.059551,0.049154,0.043614
2609,0.049967,0.058607,0.04879,0.044339
2613,0.048896,0.059125,0.048724,0.044373
2617,0.049268,0.059944,0.049119,0.044685
2621,0.049051,0.060176,0.049512,0.043952
2625,0.049919,0.059815,0.048878,0.043788
2629,0.049085,0.059082,0.049563,0.044774
2633,0.049196,0.059083,0.049816,0.04326
2637,0.040919,0.058275,0.049345,0.05434
2641,0.049115,0.060376,0.048996,0.043089
2645,0.049077,0.059434,0.049878,0.043503
2649,0.048435,0.059142,0.04977,0.043659
2653,0.048246,0.062306,0.049418,0.043632
2657,0.04775,0.061492,0.049622,0.043851
2661,0.048039,0.060038,0.048766,0.044828
2665,0.04799,0.059657,0.04877,0.044558
2669,0.047706,0.0594,0.048636,0.044012
2673,0.047703,0.059566,0.048647,0.043954
2677,0.047497,0.059556,0.049997,0.04516
2681,0.047335,0.060516,0.049581,0.044662
2685,0.047451,0.059654,0.049397,0.044326
2689,0.047691,0.060106,0.05005,0.044332
2693,0.047914,0.05975,0.049864,0.044089
2697,0.047931,0.059956,0.04913,0.044059
2701,0.047411,0.059567,0.049357,0.044385
2705,0.047339,0.059988,0.049472,0.044046
2709,0.047338,0.060197,0.050194,0.044536
2713,0.046432,0.060114,0.049481,0.045185
2717,0.048323,0.060087,0.050872,0.044911
2721,0.047018,0.06028,0.048644,0.044437
2725,0.046844,0.060014,0.048826,0.044583
2729,0.047254,0.060118,0.048375,0.044479
2733,0.047366,0.058948,0.04866,0.044038
2737,0.047261,0.058711,0.048578,0.044694
2741,0.0474,0.059218,0.048465,0.044826
2745,0.047213,0.05797,0.047694,0.044648
2749,0.046858,0.059092,0.048001,0.04438
2753,0.046929,0.059421,0.048013,0.044483
2757,0.046872,0.059105,0.048629,0.043982
2761,0.047609,0.060565,0.049901,0.044114
2765,0.046608,0.059708,0.048559,0.04504
2769,0.047049,0.060007,0.048436,0.044617
2773,0.046889,0.059993,0.049575,0.044703
2777,0.046509,0.06015,0.049476,0.045134
2781,0.047112,0.060208,0.049643,0.044096
2785,0.047293,0.059462,0.049669,0.044011
2789,0.047198,0.058795,0.049652,0.044388
2793,0.047418,0.0589,0.050234,0.044212
2797,0.04752,0.059217,0.049851,0.044088
2801,0.047411,0.058659,0.049388,0.043402
2805,0.050053,0.061276,0.049629,0.043746
2809,0.047335,0.059869,0.049901,0.044244
2813,0.047689,0.059625,0.049902,0.043342
2817,0.047492,0.059933,0.049848,0.043179
2821,0.047728,0.059751,0.049624,0.044374
2825,0.047225,0.0595,0.049094,0.044319
2829,0.048046,0.059608,0.049234,0.043675
2833,0.047885,0.059233,0.049561,0.043762
2837,0.047701,0.058981,0.049288,0.044015
2841,0.047481,0.059545,0.050098,0.043459
2845,0.048112,0.058749,0.049712,0.043668
2849,0.048364,0.059104,0.050389,0.04338
2853,0.048313,0.059888,0.050024,0.043067
2857,0.045853,0.058054,0.04342,0.053385
2861,0.04769,0.059378,0.049028,0.043526
2865,0.047972,0.059759,0.04932,0.043148
2869,0.048142,0.059489,0.051077,0.042564
2873,0.048566,0.059229,0.048353,0.043781
2877,0.047818,0.059345,0.047677,0.044163
2881,0.048351,0.060386,0.048454,0.044483
2885,0.048083,0.059753,0.048756,0.044233
2889,0.048692,0.059258,0.048478,0.044169
2893,0.047781,0.05901,0.048955,0.044327
2897,0.047377,0.059815,0.049012,0.04412
2901,0.047556,0.060179,0.050315,0.04443
2905,0.047465,0.058478,0.0492,0.043252
2909,0.047543,0.059308,0.048994,0.043034
2913,0.045649,0.057751,0.043144,0.051851
2917,0.04545,0.058066,0.043187,0.052062
2921,0.047657,0.057697,0.050048,0.043251
2925,0.047087,0.058023,0.049545,0.04341
2929,0.047233,0.057969,0.049906,0.043102
2933,0.046667,0.058123,0.049741,0.043441
2937,0.04613,0.059269,0.04994,0.045351
2941,0.045176,0.058592,0.049689,0.043241
2945,0.046086,0.057861,0.048946,0.043857
2949,0.046205,0.057584,0.051258,0.043922
2953,0.046297,0.055777,0.050762,0.043717
2957,0.04623,0.05711,0.050566,0.043694
2961,0.046178,0.058456,0.049417,0.043397
2965,0.046627,0.058313,0.049105,0.044133
2969,0.046659,0.05842,0.048399,0.043839
2973,0.046318,0.058613,0.048622,0.043916
2977,0.046243,0.058643,0.048638,0.043736
2981,0.046717,0.059455,0.048832,0.044235
2985,0.047662,0.060275,0.049665,0.043816
2989,0.047308,0.060209,0.049671,0.044611
2993,0.046953,0.06012,0.050678,0.045622
2997,0.046728,0.060023,0.050042,0.043841
3001,0.047019,0.059447,0.049971,0.044288
3005,0.047106,0.059573,0.048968,0.04503
3009,0.046874,0.059987,0.04964,0.043938
3013,0.046887,0.060094,0.048628,0.044068
3017,0.047202,0.060077,0.049295,0.043861
3021,0.047046,0.060471,0.048067,0.044965
3025,0.046629,0.060164,0.049072,0.044846
3029,0.04701,0.060922,0.049408,0.043843
3033,0.046997,0.060531,0.048645,0.043653
3037,0.048546,0.061098,0.049353,0.043824
3041,0.046657,0.060206,0.048931,0.043988
3045,0.046755,0.060303,0.049842,0.043755
3049,0.046573,0.059171,0.050755,0.043757
3053,0.046253,0.059363,0.042851,0.051734
3057,0.046067,0.063532,0.045277,0.043492
3061,0.045778,0.062855,0.045876,0.043722
3065,0.045709,0.06272,0.045248,0.044075
3069,0.048078,0.066196,0.046885,0.046126
3073,0.045473,0.058366,0.048515,0.043811
3077,0.04503,0.059049,0.049088,0.043215
3081,0.04495,0.058406,0.048206,0.043078
3085,0.045637,0.058895,0.048504,0.043717
3089,0.045244,0.058647,0.048095,0.043812
3093,0.044503,0.059188,0.048917,0.044448
3097,0.044854,0.059418,0.048801,0.043599
3101,0.04512,0.059528,0.048272,0.043279
3105,0.045033,0.062912,0.045823,0.043339
3109,0.0454,0.059768,0.048252,0.043542
3113,0.045649,0.060374,0.048134,0.044093
3117,0.045601,0.061803,0.047994,0.044441
3121,0.045599,0.060866,0.048534,0.043647
3125,0.045907,0.064547,0.043853,0.043455
3129,0.045581,0.064452,0.045004,0.043649
3133,0.045803,0.063972,0.044178,0.044698
3137,0.045546,0.064796,0.044472,0.044747
3141,0.045852,0.064374,0.04271,0.044513
3145,0.045837,0.063776,0.044409,0.044687
3149,0.04626,0.064891,0.044339,0.043683
3153,0.04602,0.063889,0.043713,0.043464
3157,0.045844,0.06368,0.045226,0.043213
3161,0.046196,0.063979,0.044546,0.04484
3165,0.046453,0.063587,0.043835,0.043712
3169,0.045468,0.063832,0.044024,0.0438
3173,0.045229,0.062759,0.043601,0.043652
3177,0.04482,0.063859,0.043236,0.04412
3181,0.045541,0.063982,0.044114,0.043849
3185,0.045414,0.063712,0.043526,0.04455
3189,0.045447,0.063037,0.045016,0.043876
3193,0.045192,0.062379,0.044384,0.04332
3197,0.045397,0.06331,0.044662,0.043113
3201,0.044951,0.063159,0.045212,0.04315
3205,0.045414,0.062976,0.044377,0.042976
3209,0.044912,0.062887,0.04392,0.04225
3213,0.045447,0.063307,0.043395,0.0433
3217,0.044282,0.063773,0.043305,0.043188
3221,0.044676,0.063625,0.043967,0.042538
3225,0.044526,0.059178,0.047572,0.042886
3229,0.044604,0.063229,0.04393,0.042661
3233,0.044877,0.060075,0.046838,0.042824
3237,0.04408,0.063078,0.043014,0.043367
3241,0.04391,0.062913,0.04363,0.043288
3245,0.044014,0.06263,0.043194,0.043184
3249,0.043868,0.062638,0.043426,0.043717
3253,0.044439,0.063979,0.04317,0.042467
3257,0.043948,0.060523,0.046032,0.043677
3261,0.04371,0.064277,0.042998,0.043408
3265,0.04416,0.063435,0.043523,0.044132
3269,0.044562,0.063063,0.043058,0.043791
3273,0.043941,0.064007,0.042943,0.044446
3277,0.044544,0.064877,0.044379,0.043981
3281,0.044552,0.065025,0.044599,0.044358
3285,0.044739,0.064813,0.044791,0.044071
3289,0.04453,0.065466,0.044523,0.04328
3293,0.04526,0.065147,0.045093,0.043732
3297,0.045061,0.060962,0.047472,0.04352
3301,0.045237,0.061499,0.04735,0.043788
3305,0.044826,0.061778,0.046762,0.043869
3309,0.045034,0.062558,0.047156,0.043621
3313,0.044966,0.062504,0.047235,0.043731
3317,0.044947,0.062672,0.047303,0.043696
3321,0.045262,0.062031,0.048253,0.043135
3325,0.04505,0.061694,0.047494,0.043336
3329,0.04479,0.065643,0.045065,0.043758
3333,0.045969,0.065627,0.045155,0.04437
3337,0.045154,0.064825,0.044153,0.044126
3341,0.045406,0.065631,0.045547,0.044842
3345,0.045466,0.064021,0.045483,0.044448
3349,0.045551,0.064498,0.045366,0.044098
3353,0.045151,0.063306,0.045028,0.04434
3357,0.045298,0.063733,0.045525,0.044053
3361,0.044825,0.059443,0.048415,0.045176
3365,0.044927,0.0602,0.048811,0.044263
3369,0.044791,0.059925,0.049023,0.045098
3373,0.044581,0.060521,0.048465,0.044983
3377,0.044839,0.060415,0.048651,0.044841
3381,0.044784,0.060298,0.047891,0.045338
3385,0.044918,0.062678,0.048785,0.045208
3389,0.044806,0.061821,0.049281,0.046263
3393,0.045466,0.063365,0.04727,0.046263
3397,0.044892,0.062036,0.047244,0.046585
3401,0.045079,0.062453,0.048065,0.046139
3405,0.04525,0.062296,0.047692,0.04513
3409,0.044512,0.061259,0.047819,0.045661
3413,0.045806,0.062223,0.047972,0.045444
3417,0.044445,0.062144,0.048025,0.045362
3421,0.04494,0.063479,0.050367,0.045629
3425,0.044689,0.063664,0.048619,0.045536
3429,0.04453,0.062306,0.047912,0.045256
3433,0.044919,0.064198,0.048147,0.045616
3437,0.045074,0.062814,0.047939,0.045173
3441,0.044854,0.062796,0.047842,0.045114
3445,0.0443,0.062429,0.047087,0.044815
3449,0.046154,0.06442,0.044342,0.04488
3453,0.043788,0.063452,0.048198,0.044207
3457,0.04466,0.062839,0.048248,0.04448
3461,0.044129,0.062723,0.047655,0.044627
3465,0.04396,0.062444,0.048266,0.044858
3469,0.044257,0.062514,0.04758,0.044422
3473,0.043911,0.063186,0.048148,0.044432
3477,0.044229,0.062153,0.047685,0.045505
3481,0.043976,0.061094,0.047884,0.044573
3485,0.044004,0.060991,0.048284,0.044209
3489,0.044284,0.061447,0.048757,0.043466
3493,0.04416,0.060995,0.04833,0.044098
3497,0.04456,0.061584,0.048546,0.043875
3501,0.044339,0.061302,0.04818,0.044083
3505,0.045,0.061641,0.047631,0.043789
3509,0.044295,0.061577,0.048286,0.043645
3513,0.045626,0.063117,0.048515,0.044038
3517,0.04401,0.061495,0.048239,0.043874
3521,0.044334,0.061375,0.048132,0.044421
3525,0.043982,0.061747,0.047785,0.044578
3529,0.043843,0.061858,0.046362,0.044783
3533,0.043744,0.061832,0.046808,0.044401
3537,0.043377,0.061716,0.046774,0.044426
3541,0.043374,0.0617,0.047091,0.044106
3545,0.042969,0.0619,0.046907,0.044211
3549,0.045088,0.063478,0.044274,0.044248
3553,0.044924,0.063803,0.043885,0.044673
3557,0.045247,0.063806,0.044192,0.044583
3561,0.044649,0.064142,0.045317,0.043857
3565,0.044861,0.064106,0.044545,0.043892
3569,0.044618,0.064507,0.044305,0.043943
3573,0.045341,0.065612,0.044729,0.044255
3577,0.045189,0.064405,0.04389,0.044176
3581,0.04523,0.06468,0.04391,0.044478
3585,0.045438,0.065027,0.044021,0.044408
3589,0.045636,0.064293,0.043823,0.044868
3593,0.047298,0.065579,0.043307,0.045157
3597,0.052518,0.0447,0.044609,0.055369
3601,0.053016,0.044869,0.044448,0.054619
3605,0.052026,0.044955,0.044513,0.055161
3609,0.053024,0.045634,0.044643,0.054968
3613,0.052181,0.044953,0.044369,0.054115
3617,0.052244,0.045282,0.044339,0.053474
3621,0.051958,0.045707,0.044534,0.053654
3625,0.052268,0.045553,0.044555,0.053553
3629,0.05262,0.046075,0.043464,0.053527
3633,0.05227,0.046451,0.044137,0.054764
3637,0.043045,0.060917,0.047214,0.044801
3641,0.043137,0.060573,0.046851,0.044667
3645,0.045542,0.062733,0.043743,0.044331
3649,0.045837,0.061752,0.043649,0.044958
3653,0.045428,0.062135,0.043844,0.044898
3657,0.045316,0.064035,0.043208,0.045125
3661,0.045227,0.063001,0.043393,0.04542
3665,0.052613,0.046611,0.04273,0.053327
3669,0.052259,0.047911,0.042321,0.053943
3673,0.052493,0.046106,0.044779,0.053525
3677,0.052841,0.044553,0.0436,0.054088
3681,0.045436,0.062672,0.043572,0.044576
3685,0.045459,0.064327,0.044528,0.046141
3689,0.045489,0.062818,0.043399,0.044769
3693,0.045857,0.063295,0.043728,0.044581
3697,0.052663,0.044258,0.043965,0.054918
3701,0.052558,0.044379,0.044061,0.054684
3705,0.05268,0.044593,0.044638,0.054
3709,0.052842,0.044551,0.044348,0.055049
3713,0.052274,0.054919,0.04442,0.044752
3717,0.052339,0.046274,0.042637,0.05457
3721,0.052054,0.04625,0.042294,0.05652
3725,0.042906,0.054966,0.043018,0.054429
3729,0.04324,0.055137,0.043156,0.054545
3733,0.042773,0.055004,0.043662,0.054469
3737,0.043658,0.054904,0.043848,0.054729
3741,0.044576,0.062457,0.044378,0.044472
3745,0.04499,0.062769,0.044171,0.044275
3749,0.043233,0.05524,0.043695,0.054728
3753,0.045343,0.063317,0.043606,0.044351
3757,0.043496,0.055339,0.043603,0.054471
3761,0.045297,0.063063,0.043616,0.044716
3765,0.04375,0.055578,0.043666,0.053321
3769,0.053109,0.055177,0.044816,0.043843
3773,0.052496,0.05532,0.044059,0.043874
3777,0.052449,0.055041,0.044999,0.044059
3781,0.051542,0.054275,0.044743,0.043581
3785,0.052005,0.054632,0.044141,0.044558
3789,0.051352,0.054612,0.044736,0.043603
3793,0.051935,0.054452,0.044305,0.043744
3797,0.0519,0.054333,0.043242,0.045543
3801,0.051852,0.054515,0.043565,0.044869
3805,0.051561,0.054518,0.043802,0.044408
3809,0.051599,0.054236,0.043764,0.044676
3813,0.051535,0.054314,0.044095,0.044981
3817,0.051628,0.054481,0.044798,0.043935
3821,0.051696,0.054874,0.044487,0.043843
3825,0.051221,0.055259,0.044744,0.043689
3829,0.051533,0.05447,0.044028,0.043995
3833,0.050799,0.055181,0.044613,0.045289
3837,0.050958,0.055731,0.044288,0.044155
3841,0.052906,0.054501,0.045083,0.04354
3845,0.051625,0.054334,0.045139,0.043846
3849,0.051726,0.057636,0.047497,0.047048
3853,0.051377,0.054462,0.044031,0.044188
3857,0.051324,0.054706,0.044591,0.043468
3861,0.051854,0.054759,0.043698,0.04388
3865,0.051704,0.055722,0.044381,0.043036
3869,0.051078,0.055296,0.044024,0.043587
3873,0.051167,0.054958,0.044402,0.044393
3877,0.051934,0.05499,0.04364,0.044414
3881,0.052065,0.054654,0.04317,0.044107
3885,0.052067,0.054742,0.043211,0.044155
3889,0.051866,0.054337,0.043815,0.044294
3893,0.051677,0.054746,0.043289,0.044184
3897,0.051619,0.05399,0.043712,0.044258
3901,0.051382,0.054379,0.043825,0.044236
3905,0.051863,0.05449,0.043655,0.043694
3909,0.051601,0.054224,0.043715,0.044082
3913,0.051734,0.054134,0.04346,0.043571
3917,0.052396,0.054637,0.043735,0.044218
3921,0.051202,0.055581,0.043704,0.04446
3925,0.051299,0.05462,0.042974,0.044977
3929,0.050944,0.054838,0.043221,0.044727
3933,0.051003,0.055133,0.043637,0.044886
3937,0.050093,0.053778,0.042961,0.045137
3941,0.050693,0.053891,0.042982,0.045649
3945,0.051111,0.054582,0.043276,0.044925
3949,0.050697,0.054148,0.043711,0.044331
3953,0.051106,0.055158,0.042749,0.045038
3957,0.051316,0.055098,0.044524,0.04484
3961,0.050863,0.055767,0.044175,0.044898
3965,0.052945,0.056316,0.044079,0.044849
3969,0.051708,0.055764,0.044191,0.045338
3973,0.051421,0.05501,0.043754,0.044446
3977,0.051342,0.055018,0.043846,0.044065
3981,0.051613,0.055441,0.044228,0.043503
3985,0.051956,0.055667,0.044294,0.043371
3989,0.051825,0.054926,0.044219,0.043622
3993,0.051533,0.055595,0.044816,0.043274
3997,0.050873,0.055755,0.044582,0.042659
4001,0.050997,0.055222,0.044202,0.043835
4005,0.050941,0.055298,0.043681,0.044603
4009,0.051284,0.055299,0.044174,0.042693
4013,0.050863,0.055148,0.044386,0.042362
4017,0.050788,0.054722,0.043395,0.044111
4021,0.050996,0.054024,0.0436,0.043406
4025,0.050945,0.055255,0.043481,0.04387
4029,0.050069,0.054958,0.043609,0.043275
4033,0.050656,0.055495,0.04519,0.044707
4037,0.05006,0.054568,0.044022,0.042691
4041,0.050242,0.055477,0.043924,0.043349
4045,0.049714,0.055634,0.043913,0.042658
4049,0.049412,0.055719,0.043691,0.042599
4053,0.049436,0.054643,0.044086,0.042847
4057,0.050885,0.056255,0.046007,0.045701
4061,0.049155,0.054703,0.044038,0.044268
4065,0.049071,0.05503,0.043527,0.04383
4069,0.048428,0.055737,0.043418,0.044022
4073,0.048848,0.055609,0.043207,0.044196
4077,0.049503,0.055999,0.043035,0.044305
4081,0.048521,0.056053,0.043755,0.04396
4085,0.049503,0.055009,0.044094,0.043392
4089,0.04951,0.055584,0.044392,0.043139
4093,0.049709,0.055647,0.044043,0.043752
4097,0.049587,0.054792,0.044162,0.043905
4101,0.050467,0.055827,0.044477,0.043303
4105,0.050023,0.055145,0.043521,0.043116
4109,0.049974,0.055534,0.043327,0.043337
4113,0.052391,0.055774,0.043644,0.043866
4117,0.050152,0.055336,0.043884,0.042778
4121,0.05099,0.055858,0.044618,0.04307
4125,0.050005,0.054557,0.043474,0.043511
4129,0.047651,0.054624,0.047649,0.043221
4133,0.048277,0.054097,0.047481,0.042919
4137,0.048224,0.054663,0.048051,0.04327
4141,0.04754,0.053763,0.047742,0.043727
4145,0.047722,0.054114,0.047875,0.043072
4149,0.047897,0.053723,0.047324,0.043105
4153,0.050477,0.055417,0.043632,0.042779
4157,0.047868,0.054887,0.047779,0.042805
4161,0.050554,0.056171,0.043799,0.042788
4165,0.050282,0.055077,0.043275,0.042944
4169,0.050073,0.054828,0.043537,0.044298
4173,0.050904,0.04368,0.043028,0.053146
4177,0.050975,0.043451,0.043315,0.053466
4181,0.047962,0.05396,0.046659,0.043626
4185,0.050983,0.043412,0.043149,0.053771
4189,0.047618,0.05299,0.046214,0.042564
4193,0.047359,0.053282,0.046856,0.042342
4197,0.047732,0.053114,0.046088,0.04223
4201,0.049637,0.054122,0.043186,0.042896
4205,0.048877,0.053534,0.0426,0.043466
4209,0.04905,0.054514,0.042232,0.042888
4213,0.047154,0.056497,0.042157,0.043298
4217,0.046104,0.055518,0.042515,0.044441
4221,0.046197,0.056067,0.042022,0.044485
4225,0.045991,0.056236,0.04251,0.043658
4229,0.046146,0.056162,0.042634,0.044234
4233,0.045798,0.056471,0.04222,0.04393
4237,0.046115,0.056999,0.041775,0.044182
4241,0.046327,0.056547,0.042022,0.044231
4245,0.046319,0.057559,0.042604,0.043483
4249,0.046423,0.05437,0.04557,0.043447
4253,0.045994,0.054221,0.047725,0.04303
4257,0.045475,0.053978,0.046818,0.042852
4261,0.045894,0.054091,0.046842,0.042933
4265,0.045771,0.054313,0.047409,0.042784
4269,0.047002,0.055039,0.047148,0.043501
4273,0.046455,0.054027,0.047487,0.042183
4277,0.046215,0.054763,0.047495,0.042114
4281,0.045491,0.054907,0.04671,0.042292
4285,0.045496,0.054507,0.046619,0.042665
4289,0.045422,0.054051,0.046748,0.042474
4293,0.046474,0.053133,0.046807,0.042219
4297,0.046408,0.053917,0.046402,0.042684
4301,0.046602,0.053683,0.046357,0.042235
4305,0.045847,0.054676,0.047216,0.042136
4309,0.04567,0.054077,0.045981,0.042424
4313,0.04573,0.055095,0.046304,0.041965
4317,0.045798,0.054619,0.046161,0.042533
4321,0.045614,0.055206,0.045365,0.042753
4325,0.045421,0.054958,0.045296,0.042653
4329,0.04788,0.05532,0.042487,0.042038
4333,0.047921,0.055289,0.042512,0.042322
4337,0.048244,0.055624,0.042163,0.042317
4341,0.047666,0.055812,0.042871,0.042412
4345,0.047861,0.055236,0.042102,0.042519
4349,0.047678,0.054263,0.042924,0.043114
4353,0.047103,0.053697,0.042957,0.042355
4357,0.047685,0.054724,0.043399,0.043176
4361,0.047225,0.054976,0.042996,0.041994
4365,0.046809,0.054845,0.042842,0.042103
4369,0.047095,0.05564,0.04285,0.043574
4373,0.046842,0.054742,0.042894,0.043361
4377,0.046814,0.055274,0.043092,0.042932
4381,0.047608,0.055305,0.043798,0.042639
4385,0.047583,0.055899,0.043279,0.041929
4389,0.045107,0.054268,0.045414,0.043121
4393,0.045631,0.054856,0.045834,0.043321
4397,0.046207,0.054657,0.046649,0.04244
4401,0.045767,0.054844,0.046819,0.043422
4405,0.045857,0.054547,0.046978,0.043432
4409,0.046114,0.057655,0.044688,0.04282
4413,0.050079,0.04516,0.041762,0.051996
4417,0.049928,0.04504,0.043008,0.05181
4421,0.053107,0.045903,0.042712,0.053
4425,0.05053,0.044827,0.042504,0.052075
4429,0.050977,0.045237,0.043062,0.051903
4433,0.046333,0.059113,0.044346,0.042656
4437,0.050955,0.045119,0.04328,0.05162
4441,0.051502,0.045461,0.042811,0.051723
4445,0.051287,0.045217,0.042868,0.052144
4449,0.051203,0.044849,0.042655,0.052713
4453,0.051124,0.044639,0.043218,0.053248
4457,0.051362,0.044459,0.042387,0.053093
4461,0.05145,0.044856,0.04208,0.053124
4465,0.051572,0.044637,0.041923,0.052827
4469,0.051202,0.043779,0.043672,0.052174
4473,0.051016,0.044241,0.044656,0.053079
4477,0.051597,0.043419,0.044364,0.052371
4481,0.050943,0.043231,0.044193,0.052398
4485,0.050997,0.044125,0.045411,0.052707
4489,0.050635,0.043285,0.044503,0.052113
4493,0.050457,0.042774,0.045056,0.052651
4497,0.050597,0.042975,0.044792,0.052603
4501,0.050365,0.042431,0.044507,0.052692
4505,0.050982,0.043213,0.044575,0.052298
4509,0.052209,0.042811,0.046125,0.051852
4513,0.050422,0.043093,0.045871,0.051951
4517,0.051006,0.043403,0.046902,0.05246
4521,0.050782,0.043319,0.046282,0.05224
4525,0.050842,0.043501,0.045975,0.052863
4529,0.050661,0.043375,0.046627,0.052222
4533,0.051086,0.042925,0.046377,0.052564
4537,0.051539,0.044428,0.046926,0.052474
4541,0.051479,0.045342,0.044629,0.053009
4545,0.051375,0.044449,0.044301,0.052351
4549,0.046089,0.058848,0.045668,0.042072
4553,0.052086,0.044057,0.045043,0.052656
4557,0.046667,0.058938,0.045997,0.042916
4561,0.046442,0.058637,0.045628,0.042775
4565,0.046032,0.05798,0.044213,0.042521
4569,0.053438,0.044621,0.04263,0.053163
4573,0.05221,0.043889,0.0418,0.053115
4577,0.051421,0.04394,0.041833,0.053397
4581,0.047208,0.059572,0.043742,0.042119
4585,0.046503,0.058875,0.043793,0.043311
4589,0.046629,0.058243,0.044246,0.042643
4593,0.05245,0.053907,0.043335,0.043567
4597,0.051484,0.053788,0.042852,0.043531
4601,0.051758,0.053318,0.042699,0.043869
4605,0.046564,0.057865,0.04443,0.043887
4609,0.046397,0.0586,0.044027,0.043763
4613,0.046064,0.058654,0.044246,0.04335
4617,0.046092,0.058518,0.043667,0.043497
4621,0.046588,0.057662,0.043984,0.043383
4625,0.046429,0.058852,0.04442,0.043248
4629,0.045913,0.058767,0.04405,0.043132
4633,0.045555,0.058255,0.045722,0.043108
4637,0.045291,0.057744,0.04329,0.04352
4641,0.045499,0.058114,0.044009,0.043772
4645,0.048624,0.05988,0.042334,0.043518
4649,0.045664,0.05849,0.044393,0.044724
4653,0.04623,0.059957,0.042885,0.04431
4657,0.045749,0.058765,0.042717,0.043436
4661,0.045277,0.059205,0.043136,0.043351
4665,0.045074,0.059077,0.043717,0.0435
4669,0.045047,0.058949,0.043212,0.043814
4673,0.044998,0.058152,0.043616,0.043824
4677,0.045921,0.058624,0.04385,0.044236
4681,0.04549,0.059801,0.044307,0.043633
4685,0.045579,0.058644,0.043779,0.04411
4689,0.051809,0.053023,0.043887,0.043485
4693,0.051601,0.053047,0.043793,0.043487
4697,0.053033,0.052837,0.045033,0.044821
4701,0.051558,0.052643,0.04397,0.045999
4705,0.051681,0.05279,0.04342,0.044447
4709,0.051475,0.053005,0.044519,0.043529
4713,0.051874,0.053256,0.04387,0.044591
4717,0.051286,0.053089,0.043367,0.044268
4721,0.052396,0.053442,0.044345,0.044521
4725,0.051702,0.053607,0.043561,0.044394
4729,0.051959,0.053154,0.043504,0.044007
4733,0.05148,0.053886,0.043965,0.042889
4737,0.052118,0.053481,0.04375,0.043983
4741,0.052654,0.05388,0.043221,0.043736
4745,0.045888,0.060347,0.043014,0.04393
4749,0.052419,0.054079,0.04352,0.044302
4753,0.05267,0.054248,0.043778,0.043616
4757,0.051809,0.05383,0.042942,0.044538
4761,0.052224,0.053503,0.043913,0.045055
4765,0.051624,0.04369,0.045306,0.05163
4769,0.051384,0.044048,0.044898,0.051545
4773,0.051323,0.053047,0.043188,0.043377
4777,0.050383,0.043018,0.045525,0.051768
4781,0.050392,0.042642,0.045652,0.051703
4785,0.050574,0.043008,0.04541,0.051889
4789,0.050323,0.042669,0.045486,0.05222
4793,0.05113,0.043296,0.045642,0.052038
4797,0.051201,0.053329,0.043448,0.044876
4801,0.051059,0.053312,0.042582,0.044682
4805,0.051155,0.054396,0.042812,0.044391
4809,0.051494,0.054295,0.042993,0.04436
4813,0.053473,0.056797,0.046679,0.045848
4817,0.050922,0.053494,0.043643,0.044364
4821,0.051061,0.053911,0.043751,0.044061
4825,0.051393,0.053179,0.043923,0.044147
4829,0.050951,0.052958,0.043569,0.04433
4833,0.051641,0.053291,0.044604,0.043486
4837,0.052173,0.052807,0.044218,0.044302
4841,0.051742,0.053142,0.043333,0.043636
4845,0.051759,0.053676,0.042973,0.04354
4849,0.054629,0.053768,0.044747,0.044137
4853,0.051549,0.053783,0.043432,0.043566
4857,0.051538,0.053662,0.043394,0.043679
4861,0.051903,0.053321,0.044352,0.043174
4865,0.051434,0.053087,0.042948,0.044063
4869,0.051695,0.053128,0.043341,0.044307
4873,0.051575,0.053978,0.043831,0.043704
4877,0.051286,0.053012,0.043092,0.044701
4881,0.05205,0.05286,0.042966,0.043798
4885,0.046726,0.060019,0.043269,0.043949
4889,0.046219,0.059786,0.042882,0.043439
4893,0.045878,0.059388,0.042986,0.043931
4897,0.04591,0.060027,0.042974,0.044707
4901,0.046276,0.060111,0.043758,0.044134
4905,0.046154,0.059387,0.043613,0.043612
4909,0.045951,0.059614,0.043924,0.043378
4913,0.045207,0.059869,0.043743,0.044502
4917,0.045555,0.059566,0.043552,0.043712
4921,0.04538,0.059573,0.044113,0.043777
4925,0.045685,0.060194,0.043421,0.043507
4929,0.046203,0.059428,0.042803,0.043628
4933,0.045757,0.059847,0.044183,0.044181
4937,0.045986,0.059959,0.043703,0.043468
4941,0.045819,0.059694,0.042805,0.043416
4945,0.048058,0.060341,0.043554,0.04349
4949,0.045809,0.059609,0.043012,0.043732
4953,0.046453,0.059285,0.04284,0.044125
4957,0.045811,0.059657,0.042771,0.04297
4961,0.045558,0.059671,0.043321,0.043517
4965,0.052262,0.053493,0.044022,0.043918
4969,0.051721,0.053337,0.043034,0.043253
4973,0.054683,0.057527,0.045184,0.04698
4977,0.051787,0.053988,0.044391,0.04485
4981,0.051867,0.053438,0.043606,0.044438
4985,0.051715,0.053605,0.043448,0.043678
4989,0.052036,0.054049,0.043195,0.043812
4993,0.052047,0.053875,0.044369,0.043867
4997,0.051864,0.054008,0.04325,0.042943
5001,0.052305,0.053395,0.042675,0.04419
5005,0.046111,0.059937,0.043099,0.043958
5009,0.045798,0.060145,0.043739,0.04291
5013,0.045495,0.060018,0.042974,0.044233
5017,0.045654,0.059513,0.043972,0.043362
5021,0.045715,0.059019,0.044269,0.043544
5025,0.046093,0.059914,0.043297,0.043791
5029,0.045946,0.058844,0.043806,0.043635
5033,0.045611,0.059488,0.042829,0.043674
5037,0.051496,0.043317,0.044591,0.051494
5041,0.051363,0.043498,0.04505,0.051656
5045,0.045606,0.05888,0.042371,0.044286
5049,0.051013,0.042808,0.045114,0.051606
5053,0.051386,0.043181,0.045646,0.052067
5057,0.050328,0.042683,0.045397,0.0522
5061,0.050378,0.042527,0.045221,0.05228
5065,0.05056,0.044106,0.046576,0.054417
5069,0.050723,0.043193,0.043953,0.0529
5073,0.051126,0.05305,0.043413,0.044361
5077,0.051217,0.043238,0.043931,0.052801
5081,0.051047,0.053634,0.044106,0.042559
5085,0.050677,0.052985,0.045903,0.043358
5089,0.051451,0.053645,0.043309,0.044012
5093,0.050562,0.052837,0.043886,0.043504
5097,0.051027,0.055299,0.043609,0.044045
5101,0.055178,0.053776,0.044184,0.044471
5105,0.051186,0.053534,0.043009,0.043508
5109,0.050832,0.053597,0.042748,0.043274
5113,0.050883,0.053574,0.042827,0.043253
5117,0.051293,0.054018,0.043089,0.04369
5121,0.051463,0.053649,0.043307,0.043466
5125,0.050392,0.054171,0.042281,0.043673
5129,0.050857,0.053792,0.042621,0.043841
5133,0.05091,0.053853,0.042588,0.043572
5137,0.051136,0.053567,0.043305,0.043386
5141,0.050786,0.053414,0.043413,0.043239
5145,0.052269,0.053605,0.043866,0.043682
5149,0.051035,0.054365,0.043972,0.043736
5153,0.051438,0.054548,0.043224,0.044378
5157,0.051519,0.054684,0.044579,0.043897
5161,0.05139,0.054191,0.043256,0.043493
5165,0.052015,0.05338,0.043807,0.043285
5169,0.054977,0.055344,0.043498,0.042851
5173,0.044904,0.059454,0.043486,0.04391
5177,0.045598,0.059838,0.044012,0.043071
5181,0.045359,0.060145,0.043689,0.042865
5185,0.046016,0.060488,0.041854,0.043851
5189,0.04545,0.060105,0.042804,0.043726
5193,0.045945,0.060001,0.042833,0.043551
5197,0.045025,0.06134,0.042528,0.04349
5201,0.045193,0.061079,0.043789,0.043551
5205,0.045611,0.06047,0.042726,0.043176
5209,0.044957,0.061317,0.042468,0.043832
5213,0.045538,0.061393,0.04222,0.043448
5217,0.045593,0.060688,0.04238,0.043768
5221,0.052407,0.053893,0.042874,0.043072
5225,0.051916,0.054284,0.042174,0.043183
5229,0.052669,0.054323,0.042631,0.044332
5233,0.052168,0.053773,0.042263,0.043925
5237,0.052,0.054493,0.042634,0.044658
5241,0.051222,0.052793,0.043314,0.043733
5245,0.052313,0.053407,0.042994,0.043086
5249,0.051273,0.053534,0.043008,0.043499
5253,0.052844,0.05293,0.044112,0.043587
5257,0.051046,0.052913,0.043276,0.043291
5261,0.051716,0.053356,0.043281,0.042983
5265,0.051595,0.053247,0.042945,0.043652
5269,0.05207,0.052376,0.042803,0.042923
5273,0.050928,0.052405,0.042694,0.042647
5277,0.050964,0.053605,0.042357,0.043511
5281,0.05176,0.053169,0.042988,0.0433
5285,0.051544,0.05292,0.04234,0.044189
5289,0.051686,0.053152,0.042023,0.043913
5293,0.052032,0.053817,0.041634,0.043861
5297,0.052227,0.053424,0.041644,0.043358
5301,0.051048,0.053256,0.041648,0.043728
5305,0.052079,0.053328,0.043218,0.042867
5309,0.051639,0.053613,0.041558,0.043802
5313,0.051236,0.053448,0.042209,0.043428
5317,0.05121,0.052807,0.042412,0.043834
5321,0.050804,0.052579,0.042753,0.044415
5325,0.052166,0.052561,0.042648,0.043659
5329,0.050531,0.052378,0.042424,0.043391
5333,0.051102,0.05214,0.042405,0.043783
5337,0.050695,0.053307,0.042554,0.042906
5341,0.049459,0.052998,0.042211,0.043931
5345,0.050392,0.053544,0.043168,0.043941
5349,0.050678,0.053324,0.041807,0.043348
5353,0.049999,0.053353,0.043046,0.043126
5357,0.049965,0.053273,0.042446,0.043188
5361,0.050193,0.053483,0.042508,0.044229
5365,0.050917,0.052526,0.042521,0.042763
5369,0.051107,0.053381,0.043796,0.043395
5373,0.050486,0.053447,0.042629,0.042822
5377,0.050106,0.053415,0.042541,0.042503
5381,0.051512,0.053467,0.041792,0.042612
5385,0.051083,0.053478,0.041873,0.042537
5389,0.050242,0.05321,0.041884,0.043066
5393,0.050207,0.052943,0.042941,0.042832
5397,0.049956,0.053495,0.041736,0.043083
5401,0.049855,0.052977,0.042435,0.043107
5405,0.050807,0.05323,0.042331,0.042276
5409,0.050356,0.053006,0.042169,0.042507
5413,0.050131,0.053748,0.042357,0.042389
5417,0.050725,0.053097,0.043103,0.042309
5421,0.050609,0.052995,0.042357,0.042212
5425,0.050988,0.05368,0.04323,0.043669
5429,0.050977,0.053584,0.042272,0.04183
5433,0.050108,0.053714,0.042606,0.042988
5437,0.050675,0.053319,0.04172,0.042537
5441,0.05119,0.053176,0.042098,0.042586
5445,0.05102,0.052098,0.042048,0.04266
5449,0.051285,0.052047,0.042248,0.042626
5453,0.044198,0.060333,0.042399,0.043112
5457,0.047506,0.06531,0.041364,0.043126
5461,0.04379,0.059667,0.042475,0.042911
5465,0.043522,0.05949,0.042817,0.042863
5469,0.043803,0.060245,0.043309,0.042489
5473,0.043755,0.060555,0.042402,0.042541
5477,0.043368,0.059673,0.04285,0.042515
5481,0.043422,0.059885,0.042924,0.042469
5485,0.043109,0.060908,0.042731,0.04259
5489,0.043402,0.060562,0.042056,0.043237
5493,0.051521,0.05213,0.04254,0.043169
5497,0.051488,0.052384,0.042504,0.043523
5501,0.050594,0.053067,0.04249,0.04297
5505,0.050751,0.052851,0.042025,0.042552
5509,0.0503,0.053249,0.042218,0.042809
5513,0.050211,0.052504,0.043172,0.043681
5517,0.050429,0.05236,0.04152,0.042978
5521,0.050539,0.053167,0.044733,0.04257
5525,0.050379,0.053496,0.042701,0.042637
5529,0.050535,0.052887,0.043376,0.041734
5533,0.051286,0.053018,0.042371,0.042834
5537,0.050646,0.052312,0.043113,0.043528
5541,0.050713,0.052287,0.043216,0.042411
5545,0.051442,0.05269,0.04376,0.041942
5549,0.051318,0.052479,0.042421,0.042457
5553,0.051075,0.052471,0.042732,0.042478
5557,0.051737,0.052383,0.042517,0.042861
5561,0.050803,0.05164,0.042987,0.043782
5565,0.051628,0.051554,0.042322,0.043496
5569,0.051545,0.052368,0.04291,0.043475
5573,0.051656,0.052746,0.042683,0.043943
5577,0.051417,0.052595,0.042898,0.043098
5581,0.053432,0.052806,0.042496,0.042624
5585,0.052547,0.052049,0.041988,0.044182
5589,0.051652,0.051779,0.041965,0.043381
5593,0.049872,0.052452,0.042065,0.043564
5597,0.050141,0.052753,0.042092,0.044166
5601,0.051019,0.052662,0.041315,0.043561
5605,0.050737,0.052234,0.043504,0.043468
5609,0.050495,0.053635,0.042205,0.043128
5613,0.05087,0.053915,0.042847,0.042675
5617,0.05033,0.053948,0.042866,0.04275
5621,0.050509,0.053879,0.042689,0.042388
5625,0.050775,0.053661,0.042708,0.042837
5629,0.050779,0.054138,0.042021,0.042871
5633,0.050449,0.053122,0.042215,0.042318
5637,0.050951,0.052965,0.04302,0.043059
5641,0.050851,0.0568,0.043561,0.042299
5645,0.050658,0.052849,0.042926,0.04236
5649,0.050965,0.053448,0.042914,0.042756
5653,0.050907,0.053149,0.041577,0.042191
5657,0.050424,0.053223,0.04228,0.042293
5661,0.050793,0.053779,0.042483,0.043355
5665,0.0505,0.053049,0.042289,0.042833
5669,0.050307,0.05275,0.043088,0.042745
5673,0.050393,0.052825,0.042389,0.043357
5677,0.050647,0.052402,0.041146,0.042709
5681,0.051251,0.052546,0.042003,0.041843
5685,0.050994,0.052494,0.041752,0.041685
5689,0.051056,0.052923,0.041267,0.042354
5693,0.051057,0.053005,0.042009,0.042144
5697,0.051608,0.053099,0.041744,0.042079
5701,0.051769,0.052924,0.042232,0.041499
5705,0.051701,0.052201,0.042239,0.043169
5709,0.051697,0.052738,0.042057,0.043245
5713,0.044926,0.058803,0.041578,0.043059
5717,0.044786,0.058919,0.041576,0.042739
5721,0.044557,0.0594,0.041583,0.043062
5725,0.044485,0.059126,0.041219,0.043067
5729,0.044341,0.058957,0.041955,0.042665
5733,0.04495,0.058754,0.041585,0.042542
5737,0.044577,0.058899,0.041865,0.042123
5741,0.044701,0.059583,0.041952,0.042485
5745,0.044916,0.059557,0.042543,0.041958
5749,0.044696,0.058407,0.042636,0.042235
5753,0.044682,0.058862,0.041767,0.042016
5757,0.04583,0.060876,0.041607,0.042527
5761,0.044362,0.059245,0.042112,0.043034
5765,0.043839,0.060792,0.042554,0.04197
5769,0.044525,0.059971,0.043807,0.042976
5773,0.053772,0.053137,0.042494,0.043423
5777,0.044621,0.059169,0.042425,0.043245
5781,0.050902,0.053669,0.042382,0.042806
5785,0.051036,0.052985,0.042343,0.042425
5789,0.050412,0.052733,0.042577,0.042581
5793,0.050101,0.052452,0.042126,0.0429
5797,0.050411,0.053067,0.042398,0.041831
5801,0.050318,0.054462,0.042298,0.042779
5805,0.050322,0.052323,0.042813,0.0425
5809,0.050553,0.053103,0.041945,0.041983
5813,0.051098,0.053192,0.042182,0.04203
5817,0.044356,0.059877,0.042094,0.042442
5821,0.044473,0.059761,0.042682,0.042886
5825,0.044629,0.058538,0.041899,0.043266
5829,0.044432,0.058639,0.041824,0.042856
5833,0.051584,0.052689,0.040712,0.043337
5837,0.043661,0.058965,0.042576,0.043012
5841,0.043409,0.059275,0.041959,0.043046
5845,0.044449,0.059766,0.040602,0.042658
5849,0.043626,0.059397,0.04241,0.04313
5853,0.043326,0.060072,0.042259,0.042613
5857,0.044041,0.060549,0.041913,0.043136
5861,0.051315,0.042464,0.042445,0.052145
5865,0.051223,0.041541,0.043023,0.05227
5869,0.051166,0.042552,0.043393,0.051179
5873,0.050694,0.042279,0.0436,0.052449
5877,0.051042,0.042119,0.043524,0.051792
5881,0.051404,0.043339,0.043383,0.051901
5885,0.051424,0.042318,0.043,0.051752
5889,0.050348,0.042666,0.042524,0.052446
5893,0.051154,0.042413,0.042407,0.052364
5897,0.05074,0.043985,0.041775,0.052342
5901,0.044029,0.060825,0.042073,0.042576
5905,0.044341,0.060634,0.042217,0.041922
5909,0.043831,0.060067,0.042351,0.042033
5913,0.043324,0.06029,0.04162,0.04203
5917,0.043409,0.059466,0.042857,0.04199
5921,0.043658,0.059511,0.042431,0.042212
5925,0.050477,0.043551,0.041633,0.051791
5929,0.050838,0.044215,0.04237,0.051051
5933,0.043813,0.059167,0.042965,0.041997
5937,0.044017,0.058627,0.042273,0.042413
5941,0.043972,0.058014,0.042337,0.042789
5945,0.043688,0.059263,0.042059,0.042595
5949,0.050316,0.053149,0.041582,0.042682
5953,0.043817,0.059835,0.042078,0.042395
5957,0.043965,0.059535,0.041782,0.042895
5961,0.044253,0.059862,0.041422,0.042696
5965,0.047075,0.06267,0.043908,0.04521
5969,0.045609,0.061166,0.043938,0.045855
5973,0.044016,0.059098,0.042102,0.042681
5977,0.043878,0.05944,0.041375,0.042104
5981,0.043822,0.059495,0.04191,0.04257
5985,0.043812,0.059945,0.042445,0.041844
5989,0.043323,0.06072,0.042385,0.041699
5993,0.043726,0.060097,0.042387,0.042388
5997,0.04415,0.059114,0.04203,0.042099
6001,0.043852,0.058894,0.042158,0.041898
6005,0.044568,0.059844,0.042926,0.041428
6009,0.043734,0.060224,0.042329,0.041103
6013,0.043486,0.059727,0.042438,0.041633
6017,0.04328,0.05988,0.042343,0.041686
6021,0.044264,0.058978,0.042704,0.041785
6025,0.043443,0.060571,0.043233,0.042572
6029,0.043728,0.060453,0.043315,0.042769
6033,0.043821,0.060106,0.043588,0.042469
6037,0.043891,0.06015,0.043043,0.043159
6041,0.044144,0.058977,0.04297,0.043163
6045,0.044876,0.059061,0.043016,0.043838
6049,0.043871,0.05978,0.042651,0.044352
6053,0.045077,0.058593,0.042779,0.043651
6057,0.051005,0.052676,0.043717,0.043376
6061,0.051783,0.053675,0.043619,0.043461
6065,0.052148,0.045129,0.042436,0.052355
6069,0.053945,0.055368,0.04243,0.043411
6073,0.051596,0.052727,0.043088,0.0433
6077,0.044705,0.060107,0.042763,0.043539
6081,0.044471,0.059697,0.043138,0.044535
6085,0.051284,0.053639,0.042353,0.043789
6089,0.045175,0.059829,0.043299,0.043515
6093,0.045284,0.059396,0.043453,0.043315
6097,0.045737,0.060513,0.043071,0.043148
6101,0.047473,0.063521,0.045154,0.04692
6105,0.045599,0.059514,0.042424,0.043965
6109,0.052023,0.053412,0.041884,0.043857
6113,0.044419,0.060036,0.042868,0.043838
6117,0.044947,0.059253,0.043224,0.04429
6121,0.046144,0.060505,0.043079,0.042767
6125,0.045758,0.060506,0.043351,0.044426
6129,0.045,0.06007,0.042779,0.04345
6133,0.045199,0.060486,0.042602,0.044144
6137,0.052443,0.043717,0.042847,0.052983
6141,0.051331,0.043421,0.044152,0.052452
6145,0.051677,0.043439,0.044132,0.052796
6149,0.052391,0.043933,0.043573,0.052967
6153,0.051585,0.043887,0.043343,0.053378
6157,0.05137,0.0445,0.043019,0.054029
6161,0.051366,0.044432,0.04356,0.055152
6165,0.051383,0.043244,0.043314,0.053891
6169,0.051441,0.043587,0.043731,0.053583
6173,0.051481,0.044783,0.042731,0.053759
6177,0.045728,0.061772,0.044087,0.043889
6181,0.045804,0.061196,0.043914,0.044308
6185,0.045508,0.060739,0.043876,0.043737
6189,0.045056,0.060562,0.044649,0.043785
6193,0.045662,0.060979,0.043906,0.042625
6197,0.05174,0.044988,0.043115,0.052529
6201,0.0449,0.060073,0.043756,0.04316
6205,0.045549,0.059786,0.043438,0.04275
6209,0.045145,0.059675,0.043082,0.04288
6213,0.045381,0.059323,0.044423,0.044383
6217,0.045278,0.059637,0.04303,0.044539
6221,0.046015,0.05927,0.04383,0.044173
6225,0.052126,0.045679,0.043321,0.051986
6229,0.046058,0.062465,0.044935,0.046141
6233,0.051184,0.045486,0.042711,0.052227
6237,0.045795,0.059494,0.043535,0.04357
6241,0.045603,0.059456,0.042829,0.044149
6245,0.045249,0.059957,0.043516,0.043467
6249,0.04499,0.059624,0.043286,0.043405
6253,0.044885,0.059443,0.042599,0.043943
6257,0.045031,0.059284,0.043839,0.044023
6261,0.045332,0.059802,0.043241,0.043787
6265,0.045584,0.061175,0.042458,0.043934
6269,0.045366,0.060837,0.043212,0.043972
6273,0.045614,0.060467,0.043499,0.044084
6277,0.0457,0.06188,0.043673,0.043216
6281,0.045273,0.061931,0.043378,0.04273
6285,0.044966,0.062028,0.042538,0.043386
6289,0.044682,0.062789,0.044989,0.043359
6293,0.044261,0.062016,0.043257,0.043951
6297,0.045364,0.060153,0.04321,0.04365
6301,0.045079,0.060925,0.043391,0.043804
6305,0.045617,0.060689,0.043743,0.043295
6309,0.045804,0.062015,0.042988,0.043557
6313,0.04504,0.061043,0.042435,0.043653
6317,0.044111,0.060915,0.043271,0.0439
6321,0.044464,0.06152,0.043503,0.043454
6325,0.045435,0.060371,0.042543,0.044195
6329,0.044659,0.060776,0.042513,0.043538
6333,0.04492,0.060772,0.042657,0.043765
6337,0.044707,0.060547,0.042187,0.043954
6341,0.044324,0.060855,0.043191,0.043966
6345,0.044612,0.061195,0.043399,0.043442
6349,0.045149,0.061337,0.043606,0.043304
6353,0.045682,0.061119,0.044184,0.042863
6357,0.044623,0.060975,0.04267,0.043439
6361,0.048512,0.063815,0.045408,0.04664
6365,0.0452,0.060853,0.04362,0.04385
6369,0.043939,0.061255,0.043715,0.043971
6373,0.04392,0.061193,0.043326,0.043454
6377,0.043562,0.061507,0.043626,0.043439
6381,0.043643,0.061133,0.042953,0.04437
6385,0.04376,0.060314,0.042813,0.043465
6389,0.043454,0.060969,0.042682,0.043703
6393,0.044104,0.061074,0.042608,0.043659
6397,0.044396,0.062208,0.042164,0.043593
6401,0.044036,0.062825,0.042537,0.043887
6405,0.044057,0.062473,0.042255,0.04335
6409,0.044156,0.062186,0.042124,0.04398
6413,0.043727,0.061825,0.041993,0.043404
6417,0.04435,0.062158,0.04156,0.043615
6421,0.043645,0.061846,0.04234,0.043411
6425,0.043548,0.062287,0.042932,0.043361
6429,0.043573,0.062734,0.043047,0.043175
6433,0.044477,0.061594,0.042733,0.042688
6437,0.044633,0.061954,0.042633,0.042637
6441,0.044374,0.062485,0.043146,0.043864
6445,0.044155,0.062318,0.043403,0.042144
6449,0.044041,0.063679,0.043368,0.042108
6453,0.043182,0.062735,0.044628,0.042358
6457,0.04396,0.062433,0.043141,0.041955
6461,0.044052,0.062224,0.042803,0.042922
6465,0.044718,0.061627,0.042699,0.042119
6469,0.043831,0.061847,0.043556,0.041527
6473,0.043887,0.061612,0.043209,0.042291
6477,0.043967,0.062192,0.043259,0.041882
6481,0.043938,0.061787,0.043122,0.042287
6485,0.044175,0.061881,0.043404,0.042012
6489,0.044342,0.062185,0.043258,0.041644
6493,0.043754,0.062494,0.043114,0.042921
6497,0.043547,0.061819,0.042945,0.042944
6501,0.043522,0.06143,0.042936,0.042896
6505,0.043564,0.061369,0.042748,0.042519
6509,0.043271,0.061931,0.042754,0.04264
6513,0.043167,0.063233,0.042239,0.042701
6517,0.042604,0.062682,0.042811,0.042837
6521,0.042692,0.062939,0.042403,0.043532
6525,0.043125,0.062756,0.043308,0.042521
6529,0.043288,0.061903,0.042956,0.042232
6533,0.043733,0.061662,0.042893,0.042338
6537,0.044786,0.062732,0.042567,0.042758
6541,0.044994,0.061633,0.042772,0.041795
6545,0.044679,0.066455,0.041982,0.042327
6549,0.044705,0.062087,0.041747,0.042546
6553,0.044318,0.061582,0.042877,0.042301
6557,0.045281,0.062644,0.041749,0.042231
6561,0.044434,0.062734,0.041897,0.042295
6565,0.045232,0.062353,0.041079,0.042001
6569,0.044792,0.06258,0.04161,0.041956
6573,0.045206,0.064095,0.041973,0.042294
6577,0.045129,0.062532,0.042253,0.041281
6581,0.044694,0.062648,0.041623,0.040946
6585,0.04464,0.062198,0.041024,0.04179
6589,0.044788,0.062482,0.041637,0.041435
6593,0.044388,0.061969,0.042149,0.04158
6597,0.044092,0.062351,0.042343,0.041898
6601,0.044229,0.061059,0.042412,0.041952
6605,0.044508,0.061714,0.0406,0.042288
6609,0.04422,0.06152,0.041582,0.0416
6613,0.044542,0.061118,0.042616,0.041477
6617,0.045264,0.061102,0.040741,0.041843
6621,0.044497,0.061635,0.041165,0.041656
6625,0.043949,0.062205,0.041722,0.041399
6629,0.047101,0.063892,0.042031,0.042106
6633,0.044886,0.062257,0.041682,0.041567
6637,0.044994,0.063279,0.041511,0.042143
6641,0.045189,0.062381,0.041487,0.042155
6645,0.044808,0.062849,0.041263,0.041954
6649,0.044959,0.062476,0.040864,0.042181
6653,0.044829,0.062279,0.040934,0.042453
6657,0.044726,0.062116,0.041023,0.042772
6661,0.045109,0.063315,0.041409,0.042008
6665,0.0449,0.063303,0.041148,0.042234
6669,0.044815,0.063232,0.040868,0.041909
6673,0.04468,0.062121,0.041776,0.041976
6677,0.045083,0.061937,0.041688,0.042223
6681,0.044905,0.063325,0.041986,0.042142
6685,0.044839,0.064012,0.040971,0.041878
6689,0.044297,0.064189,0.040777,0.041694
6693,0.04453,0.064055,0.041485,0.041559
6697,0.04502,0.064435,0.040367,0.041231
6701,0.045116,0.064605,0.040785,0.041127
6705,0.045314,0.064545,0.041129,0.041054
6709,0.044758,0.064662,0.040824,0.041972
6713,0.045268,0.064495,0.041825,0.041477
6717,0.045,0.065386,0.041596,0.041086
6721,0.045309,0.065819,0.041542,0.040952
6725,0.045212,0.065204,0.041935,0.041021
6729,0.045121,0.06579,0.041323,0.040805
6733,0.045409,0.066369,0.04074,0.041478
6737,0.045267,0.065817,0.040298,0.041429
6741,0.044494,0.066027,0.040672,0.041573
6745,0.044938,0.065851,0.040752,0.041577
6749,0.045098,0.066514,0.040825,0.041993
6753,0.044944,0.065736,0.040857,0.04207
6757,0.045792,0.067649,0.043427,0.043072
6761,0.045303,0.066119,0.041208,0.042347
6765,0.044421,0.065409,0.041509,0.042066
6769,0.044668,0.066445,0.040968,0.041661
6773,0.045025,0.06494,0.041197,0.041797
6777,0.045051,0.065818,0.041109,0.041682
6781,0.045297,0.064943,0.041297,0.041725
6785,0.04485,0.064411,0.0413,0.041975
6789,0.046088,0.064166,0.040812,0.042214
6793,0.046324,0.064118,0.041197,0.041914
6797,0.046154,0.063595,0.041422,0.042136
6801,0.046145,0.063586,0.041797,0.042043
6805,0.046268,0.063579,0.040906,0.042489
6809,0.045879,0.06377,0.041226,0.042799
6813,0.046474,0.062933,0.041852,0.042401
6817,0.046351,0.062956,0.04147,0.042367
6821,0.046725,0.063589,0.041862,0.042359
6825,0.046958,0.062823,0.042584,0.042618
6829,0.043802,0.066946,0.041111,0.042762
6833,0.044031,0.067679,0.041965,0.043318
6837,0.043139,0.066305,0.042506,0.042869
6841,0.04343,0.066879,0.042465,0.042595
6845,0.043843,0.067058,0.042631,0.042784
6849,0.044006,0.067395,0.045179,0.042758
6853,0.043809,0.068171,0.042574,0.043224
6857,0.043959,0.067123,0.0421,0.042832
6861,0.043919,0.066805,0.042274,0.042905
6865,0.054214,0.056854,0.042182,0.043043
6869,0.052984,0.057809,0.042438,0.043095
6873,0.040924,0.054799,0.042954,0.056215
6877,0.041446,0.05469,0.042329,0.056105
6881,0.04173,0.053902,0.042727,0.056525
6885,0.041928,0.054301,0.043101,0.056175
6889,0.042044,0.053927,0.043615,0.056474
6893,0.044128,0.053558,0.042378,0.056676
6897,0.043546,0.053172,0.04162,0.056091
6901,0.054561,0.053099,0.042537,0.044089
6905,0.054838,0.053034,0.042204,0.044465
6909,0.054965,0.0537,0.042077,0.044046
6913,0.055195,0.054145,0.042529,0.043175
6917,0.054312,0.054625,0.042703,0.043616
6921,0.055262,0.053391,0.043604,0.04364
6925,0.05554,0.054134,0.043281,0.043864
6929,0.055,0.054061,0.042409,0.043664
6933,0.054586,0.054407,0.043068,0.043568
6937,0.054902,0.054937,0.042556,0.043647
6941,0.054761,0.054325,0.042104,0.044779
6945,0.054909,0.05404,0.04344,0.044632
6949,0.05449,0.053964,0.043896,0.045265
6953,0.054716,0.05418,0.042439,0.045385
6957,0.054745,0.053905,0.042753,0.044925
6961,0.054462,0.054073,0.042612,0.045068
6965,0.054923,0.053917,0.042892,0.044727
6969,0.054847,0.054062,0.042884,0.045106
6973,0.05464,0.053574,0.042879,0.045292
6977,0.054627,0.054827,0.043219,0.045426
6981,0.050846,0.044703,0.044361,0.055492
6985,0.050739,0.045122,0.044493,0.055519
6989,0.050723,0.045672,0.044938,0.05603
6993,0.050911,0.04531,0.044877,0.054487
6997,0.050242,0.045035,0.045616,0.054999
7001,0.050669,0.044974,0.044266,0.054852
7005,0.050319,0.044961,0.044558,0.054508
7009,0.050868,0.045816,0.045349,0.054247
7013,0.050557,0.045042,0.045218,0.054322
7017,0.049302,0.045441,0.044959,0.054585
7021,0.049575,0.046858,0.044157,0.053899
7025,0.049823,0.04624,0.044849,0.054584
7029,0.049468,0.046427,0.044286,0.054114
7033,0.049632,0.046273,0.043806,0.05402
7037,0.049633,0.046273,0.044177,0.054001
7041,0.049324,0.046364,0.04432,0.053986
7045,0.049366,0.046364,0.04421,0.05375
7049,0.050223,0.046464,0.043857,0.053987
7053,0.049463,0.046698,0.044198,0.05348
7057,0.049953,0.046883,0.043708,0.05301
7061,0.049786,0.047035,0.044017,0.052538
7065,0.04942,0.047286,0.044337,0.052248
7069,0.049617,0.053894,0.043664,0.04515
7073,0.050083,0.053253,0.043245,0.045811
7077,0.05008,0.053608,0.043657,0.045613
7081,0.049977,0.053067,0.043512,0.045576
7085,0.050361,0.054125,0.042802,0.045737
7089,0.049711,0.053929,0.042714,0.04552
7093,0.050167,0.054046,0.042938,0.046129
7097,0.049274,0.054656,0.043018,0.045565
7101,0.049807,0.055785,0.043745,0.046601
7105,0.049659,0.054341,0.043217,0.045674
7109,0.04967,0.054472,0.042935,0.045885
7113,0.049601,0.054262,0.042841,0.045578
7117,0.048906,0.054661,0.043028,0.045657
7121,0.049735,0.054563,0.042753,0.045492
7125,0.049783,0.055027,0.042555,0.045209
7129,0.04934,0.054822,0.042976,0.045582
7133,0.049563,0.054668,0.043035,0.045445
7137,0.050242,0.055448,0.044028,0.047656
7141,0.048533,0.054315,0.04275,0.04549
7145,0.04833,0.05446,0.042843,0.045662
7149,0.048322,0.054064,0.042781,0.045688
7153,0.048538,0.054055,0.042779,0.045662
7157,0.048389,0.053599,0.042881,0.045533
7161,0.048274,0.054658,0.042822,0.045633
7165,0.04829,0.054353,0.043328,0.045579
7169,0.048267,0.053698,0.043045,0.045579
7173,0.048631,0.054331,0.042868,0.045439
7177,0.048681,0.053616,0.043142,0.045515
7181,0.048658,0.054085,0.04325,0.045451
7185,0.048819,0.054104,0.042928,0.045443
7189,0.048919,0.05414,0.043601,0.045972
7193,0.048536,0.05362,0.043117,0.045886
7197,0.048393,0.053872,0.043802,0.045717
7201,0.048428,0.054019,0.044935,0.045116
7205,0.048249,0.053647,0.044816,0.044947
7209,0.048132,0.053286,0.045082,0.044887
7213,0.048026,0.053576,0.044734,0.045173
7217,0.048037,0.053641,0.044523,0.044414
7221,0.048187,0.053951,0.045161,0.04453
7225,0.048066,0.053464,0.044896,0.044682
7229,0.048204,0.053623,0.043834,0.045383
7233,0.048058,0.053672,0.044507,0.044434
7237,0.048033,0.054551,0.043927,0.044891
7241,0.048108,0.053702,0.044745,0.044738
7245,0.047974,0.054149,0.04399,0.045049
7249,0.047698,0.052893,0.04438,0.044382
7253,0.047579,0.052832,0.044137,0.045101
7257,0.04788,0.052487,0.044269,0.044962
7261,0.047559,0.052166,0.044119,0.044782
7265,0.047409,0.052207,0.04441,0.044593
7269,0.047283,0.05233,0.044298,0.044674
7273,0.047087,0.052241,0.044274,0.044632
7277,0.046935,0.052259,0.044125,0.044968
7281,0.04705,0.052774,0.044268,0.044593
7285,0.046984,0.052956,0.044412,0.04439
7289,0.047063,0.052502,0.044081,0.044726
7293,0.047274,0.052215,0.044103,0.044621
7297,0.046965,0.052224,0.04419,0.044367
7301,0.046784,0.052896,0.046027,0.044446
7305,0.046794,0.053453,0.044179,0.04399
7309,0.046988,0.053382,0.044509,0.04414
7313,0.046552,0.055003,0.045156,0.044025
7317,0.046346,0.053566,0.045385,0.044394
7321,0.046308,0.053057,0.045595,0.043838
7325,0.046395,0.053945,0.044087,0.043939
7329,0.04683,0.053157,0.044862,0.04424
7333,0.046663,0.053061,0.044475,0.044069
7337,0.046485,0.052862,0.044552,0.04393
7341,0.046231,0.052914,0.044696,0.043919
7345,0.046812,0.053218,0.044789,0.044177
7349,0.046168,0.052831,0.043959,0.044003
7353,0.046189,0.053043,0.044118,0.044219
7357,0.048356,0.046312,0.045835,0.050389
7361,0.046484,0.052958,0.043725,0.043456
7365,0.046077,0.05333,0.04376,0.043584
7369,0.04596,0.053144,0.043579,0.044164
7373,0.046306,0.053263,0.043979,0.04345
7377,0.045974,0.053722,0.043651,0.044316
7381,0.046273,0.053075,0.04348,0.04419
7385,0.046392,0.05296,0.044417,0.044142
7389,0.045977,0.053221,0.043749,0.044397
7393,0.04678,0.053288,0.044329,0.044283
7397,0.045888,0.052274,0.044301,0.044467
7401,0.046098,0.051738,0.043632,0.044374
7405,0.04612,0.051731,0.043518,0.044111
7409,0.046254,0.051791,0.043863,0.043926
7413,0.04654,0.05154,0.043504,0.044203
7417,0.046116,0.051915,0.043476,0.044135
7421,0.046537,0.051679,0.0441,0.044006
7425,0.046102,0.051649,0.04367,0.044006
7429,0.046194,0.05195,0.043611,0.044203
7433,0.04631,0.051899,0.04412,0.044384
7437,0.046201,0.051541,0.043685,0.043936
7441,0.046264,0.051795,0.043854,0.044268
7445,0.046014,0.05214,0.044041,0.044214
7449,0.045818,0.052223,0.043733,0.044052
7453,0.046513,0.052006,0.043623,0.044058
7457,0.046266,0.051602,0.045309,0.044091
7461,0.046097,0.051567,0.04405,0.04401
7465,0.045924,0.051677,0.043551,0.044192
7469,0.045814,0.051782,0.043959,0.044315
7473,0.04609,0.05146,0.044067,0.044175
7477,0.04588,0.051835,0.043578,0.043982
7481,0.045673,0.052082,0.044273,0.04402
7485,0.045787,0.051845,0.04351,0.044391
7489,0.045886,0.051356,0.043705,0.044018
7493,0.045892,0.051435,0.043579,0.044182
7497,0.046037,0.051458,0.043585,0.044252
7501,0.045797,0.050937,0.043654,0.044512
7505,0.04591,0.05133,0.043562,0.044353
7509,0.045878,0.051505,0.043564,0.044086
7513,0.045502,0.051656,0.043645,0.04418
7517,0.04557,0.051483,0.043297,0.044322
7521,0.045638,0.051678,0.043527,0.044102
7525,0.046478,0.045129,0.043525,0.049566
7529,0.046165,0.045798,0.043986,0.049852
7533,0.046061,0.045566,0.04374,0.049908
7537,0.046173,0.045406,0.04405,0.05007
7541,0.046146,0.045453,0.044092,0.049541
7545,0.046399,0.045732,0.043982,0.049503
7549,0.046257,0.046091,0.044246,0.04962
7553,0.046386,0.045554,0.044036,0.049347
7557,0.046122,0.045589,0.044147,0.049063
7561,0.046119,0.045396,0.044193,0.049295
7565,0.046063,0.045266,0.044299,0.049021
7569,0.046261,0.045248,0.044257,0.048998
7573,0.04637,0.0451,0.044489,0.0494
7577,0.046037,0.044933,0.044217,0.049229
7581,0.046224,0.045283,0.044165,0.049907
7585,0.046084,0.045072,0.045916,0.049386
7589,0.046227,0.045152,0.044993,0.049252
7593,0.0478,0.045014,0.045139,0.048784
7597,0.046261,0.04505,0.045625,0.048619
7601,0.046123,0.044728,0.044366,0.048463
7605,0.046162,0.044958,0.044833,0.048727
7609,0.045787,0.04491,0.044907,0.049055
7613,0.046094,0.045045,0.047519,0.048817
7617,0.045779,0.044957,0.046201,0.04865
7621,0.046378,0.045176,0.045278,0.048646
7625,0.046177,0.044906,0.045104,0.048541
7629,0.045712,0.044787,0.045156,0.048454
7633,0.046256,0.044838,0.044692,0.048781
7637,0.046188,0.044913,0.045028,0.048845
7641,0.046621,0.044679,0.045088,0.048763
7645,0.045898,0.044671,0.045214,0.048443
7649,0.046165,0.044859,0.044955,0.048389
7653,0.046005,0.044842,0.044672,0.048665
7657,0.04807,0.047795,0.047579,0.050804
7661,0.046156,0.044919,0.044668,0.048449
7665,0.047295,0.044905,0.044866,0.048349
7669,0.045592,0.050712,0.044036,0.044984
7673,0.045657,0.050878,0.044061,0.045065
7677,0.045831,0.050588,0.043514,0.044876
7681,0.045428,0.051384,0.043213,0.043745
7685,0.045808,0.051368,0.043335,0.04391
7689,0.045419,0.050411,0.044719,0.044724
7693,0.046168,0.050421,0.043555,0.04463
7697,0.046023,0.045369,0.044171,0.048502
7701,0.046011,0.045184,0.043929,0.048341
7705,0.046232,0.045347,0.04405,0.048099
7709,0.046098,0.045241,0.044118,0.048317
7713,0.046366,0.044624,0.044147,0.049147
7717,0.045975,0.044545,0.044088,0.049262
7721,0.045858,0.044922,0.044163,0.049265
7725,0.045705,0.044362,0.04452,0.049012
7729,0.046092,0.045567,0.044181,0.048162
7733,0.045804,0.04452,0.044264,0.049085
7737,0.045709,0.045402,0.044533,0.048333
7741,0.045546,0.045601,0.044314,0.048268
7745,0.045801,0.044406,0.044686,0.048755
7749,0.046176,0.045086,0.045596,0.049044
7753,0.045838,0.043896,0.044848,0.04876
7757,0.046214,0.044267,0.045076,0.048747
7761,0.045849,0.044462,0.044637,0.048716
7765,0.04581,0.044396,0.044685,0.048818
7769,0.045899,0.051392,0.045761,0.043987
7773,0.046066,0.051073,0.042968,0.04401
7777,0.04573,0.050875,0.042987,0.044007
7781,0.047846,0.051828,0.04376,0.043855
7785,0.0458,0.051739,0.043868,0.043732
7789,0.04586,0.050644,0.043081,0.043655
7793,0.046254,0.051247,0.04322,0.043654
7797,0.046113,0.044625,0.044349,0.048487
7801,0.04583,0.044689,0.044899,0.048504
7805,0.04612,0.044869,0.044527,0.048554
7809,0.045714,0.044741,0.04451,0.048151
7813,0.045527,0.044508,0.044562,0.048468
7817,0.045587,0.044656,0.044311,0.04852
7821,0.045417,0.045097,0.044797,0.048329
7825,0.046301,0.044422,0.044715,0.048036
7829,0.045209,0.044482,0.044064,0.048184
7833,0.0454,0.044448,0.044526,0.048563
7837,0.046253,0.044368,0.04477,0.048123
7841,0.044599,0.044515,0.044703,0.048558
7845,0.04474,0.044698,0.045521,0.048813
7849,0.044662,0.044279,0.046902,0.048435
7853,0.044985,0.044616,0.044259,0.048676
7857,0.044863,0.044618,0.044375,0.048361
7861,0.044757,0.044702,0.044125,0.048324
7865,0.046286,0.045487,0.043272,0.048152
7869,0.045119,0.045241,0.043561,0.048009
7873,0.045446,0.045202,0.043854,0.048022
7877,0.045542,0.044865,0.044031,0.048359
7881,0.045382,0.045129,0.044586,0.047714
7885,0.045054,0.044945,0.044157,0.047716
7889,0.045215,0.044852,0.044181,0.047613
7893,0.045471,0.04535,0.044135,0.047816
7897,0.045256,0.045307,0.044302,0.047701
7901,0.045687,0.045136,0.044266,0.047558
7905,0.045829,0.045136,0.044667,0.047876
7909,0.045464,0.045285,0.044989,0.047822
7913,0.045852,0.046003,0.044605,0.047384
7917,0.046362,0.046845,0.045251,0.048063
7921,0.045297,0.044437,0.044395,0.047663
7925,0.045235,0.044816,0.044575,0.048101
7929,0.045483,0.045496,0.045258,0.047513
7933,0.045389,0.045025,0.044046,0.04778
7937,0.046394,0.045981,0.044683,0.047789
7941,0.045188,0.046169,0.044769,0.047707
7945,0.045155,0.044943,0.045023,0.047306
7949,0.045314,0.045092,0.044963,0.047614
7953,0.045281,0.044801,0.044311,0.047348
7957,0.045138,0.044763,0.043975,0.047379
7961,0.045186,0.045335,0.044412,0.047338
7965,0.045234,0.044903,0.044359,0.047423
7969,0.045189,0.045142,0.044594,0.047482
7973,0.045471,0.045104,0.044221,0.047271
7977,0.045545,0.045338,0.045875,0.04728
7981,0.044997,0.045231,0.044227,0.047412
7985,0.045086,0.045154,0.044423,0.047076
7989,0.045056,0.045138,0.044066,0.047377
7993,0.045009,0.044911,0.044405,0.047679
7997,0.045018,0.044599,0.043966,0.047345
